INSERT INTO Exploracao_Agricola(designacao ) VALUES ( 'Campo da bouça');
INSERT INTO Exploracao_Agricola(designacao ) VALUES ( 'Campo grande');
INSERT INTO Exploracao_Agricola(designacao ) VALUES ( 'Campo Novo');
INSERT INTO Exploracao_Agricola(designacao ) VALUES ( 'Campo do poço');
INSERT INTO Exploracao_Agricola(designacao ) VALUES ( 'Lameiro da ponte');
INSERT INTO Exploracao_Agricola(designacao ) VALUES ( 'Lameiro do moinho');
INSERT INTO Exploracao_Agricola(designacao ) VALUES ( 'Horta nova');
INSERT INTO Exploracao_Agricola(designacao ) VALUES ( 'Vinha');

INSERT INTO TipoEdificio (tipo, designacao) VALUES ( 'Armazém' , 'Espigueiro'  ) ;
INSERT INTO TipoEdificio (tipo, designacao) VALUES ( 'Armazém' , 'Armazém novo'  ) ;
INSERT INTO TipoEdificio (tipo, designacao) VALUES ( 'Garagem' , 'Armazém grande'  ) ;
INSERT INTO TipoEdificio (tipo, designacao) VALUES ( 'Moinho' , 'Moinho'  ) ;
INSERT INTO TipoEdificio (tipo, designacao) VALUES ( 'Rega' , 'Tanque do campo grande'  ) ;
INSERT INTO TipoEdificio (tipo, designacao) VALUES ( 'Rega' , 'Poço da bouça'  ) ;

INSERT INTO Edificio (id, tipo, designacao, dimensao ,unidade ) VALUES (201  ,'Armazém','Espigueiro' ,   600  ,'m2'  ) ;
INSERT INTO Edificio (id, tipo, designacao, dimensao ,unidade ) VALUES ( 202  ,'Armazém','Armazém novo' ,   800  ,'m2'  ) ;
INSERT INTO Edificio (id, tipo, designacao, dimensao ,unidade ) VALUES ( 203  ,'Garagem','Armazém grande' ,   900  ,'m2'  ) ;
INSERT INTO Edificio (id, tipo, designacao, dimensao ,unidade ) VALUES ( 250  ,'Moinho','Moinho' ,  null   ,null ) ;
INSERT INTO Edificio (id, tipo, designacao, dimensao ,unidade ) VALUES ( 301  ,'Rega','Tanque do campo grande' ,   18  ,'m3'  ) ;
INSERT INTO Edificio (id, tipo, designacao, dimensao ,unidade ) VALUES ( 302  ,'Rega','Poço da bouça' ,   35  ,'m3'  ) ;

INSERT INTO Parcela (id,  designacao, dimensao, unidade) values (101, 'Campo da bouça', 1.2, 'ha');
INSERT INTO Parcela (id,  designacao, dimensao, unidade) values (102, 'Campo grande', 3, 'ha');
INSERT INTO Parcela (id,  designacao, dimensao, unidade) values (103,  'Campo do poço', 1.5, 'ha');
INSERT INTO Parcela (id,  designacao, dimensao, unidade) values (104,  'Lameiro da ponte', 0.8, 'ha');
INSERT INTO Parcela (id,  designacao, dimensao, unidade) values (105,  'Lameiro do moinho', 1.1, 'ha');
INSERT INTO Parcela (id,  designacao, dimensao, unidade) values (106,  'Horta nova', 0.3, 'ha');
INSERT INTO Parcela (id,  designacao, dimensao, unidade) values (107,  'Vinha', 2, 'ha');
INSERT INTO Parcela (id,  designacao, dimensao, unidade) values (108,  'Campo Novo', 1.1, 'ha');


INSERT INTO Elemento(componente_quimico ) VALUES ( 'CU');
INSERT INTO Elemento(componente_quimico ) VALUES ( 'S');
INSERT INTO Elemento(componente_quimico ) VALUES ( 'K');
INSERT INTO Elemento(componente_quimico ) VALUES ( 'Mg');
INSERT INTO Elemento(componente_quimico ) VALUES ( 'MgCO3');
INSERT INTO Elemento(componente_quimico ) VALUES ( 'B');
INSERT INTO Elemento(componente_quimico ) VALUES ( 'CaCO3');
INSERT INTO Elemento(componente_quimico ) VALUES ( 'MgO');
INSERT INTO Elemento(componente_quimico ) VALUES ( 'Mn');
INSERT INTO Elemento(componente_quimico ) VALUES ( 'Azoto orgânico(N)');
INSERT INTO Elemento(componente_quimico ) VALUES ( 'P205');
INSERT INTO Elemento(componente_quimico ) VALUES ( 'K2O');
INSERT INTO Elemento(componente_quimico ) VALUES ( 'Ca');
INSERT INTO Elemento(componente_quimico ) VALUES ( 'COT');
INSERT INTO Elemento(componente_quimico ) VALUES ( 'AF');
INSERT INTO Elemento(componente_quimico ) VALUES ( 'SO3');
INSERT INTO Elemento(componente_quimico ) VALUES ( 'CaO');
INSERT INTO Elemento(componente_quimico ) VALUES ( 'Cu');
INSERT INTO Elemento(componente_quimico ) VALUES ( 'Azoto (N)');


INSERT INTO Substancia(designacao) VALUES ( 'Ácidos gordos (na forma de sais de potássio)');
INSERT INTO Substancia(designacao) VALUES ( 'Terpenóides');
INSERT INTO Substancia(designacao) VALUES ( 'Bacillus pumilus');
INSERT INTO Substancia(designacao) VALUES ( 'Matéria Orgânica');


INSERT INTO Ficha_Tecnica (idFicha) VALUES (1);
INSERT INTO Ficha_Tecnica (idFicha) VALUES (2);
INSERT INTO Ficha_Tecnica (idFicha) VALUES (3);
INSERT INTO Ficha_Tecnica (idFicha) VALUES (4);
INSERT INTO Ficha_Tecnica (idFicha) VALUES (5);
INSERT INTO Ficha_Tecnica (idFicha) VALUES (6);
INSERT INTO Ficha_Tecnica (idFicha) VALUES (7);
INSERT INTO Ficha_Tecnica (idFicha) VALUES (8);
INSERT INTO Ficha_Tecnica (idFicha) VALUES (9);
INSERT INTO Ficha_Tecnica (idFicha) VALUES (10);
INSERT INTO Ficha_Tecnica (idFicha) VALUES (11);
INSERT INTO Ficha_Tecnica (idFicha) VALUES (12);
INSERT INTO Ficha_Tecnica (idFicha) VALUES (13);
INSERT INTO Ficha_Tecnica (idFicha) VALUES (14);
INSERT INTO Ficha_Tecnica (idFicha) VALUES (15);
INSERT INTO Ficha_Tecnica (idFicha) VALUES (16);
INSERT INTO Ficha_Tecnica (idFicha) VALUES (17);
INSERT INTO Ficha_Tecnica (idFicha) VALUES (18);



INSERT INTO Elemento_Ficha_Tecnica(idFicha, componente_quimico, perc ) VALUES ( 1 , 'CU' , 20);
INSERT INTO Elemento_Ficha_Tecnica(idFicha, componente_quimico, perc ) VALUES ( 2 , 'S' , 80);
INSERT INTO Elemento_Ficha_Tecnica(idFicha, componente_quimico, perc ) VALUES ( 3, 'K' , 24.9);
INSERT INTO Elemento_Ficha_Tecnica(idFicha, componente_quimico, perc ) VALUES ( 4, 'Mg' , 15.1);
INSERT INTO Elemento_Ficha_Tecnica(idFicha, componente_quimico, perc ) VALUES ( 5, 'Mg' , 9);
INSERT INTO Elemento_Ficha_Tecnica(idFicha, componente_quimico, perc ) VALUES ( 6, 'Mg' , 9.6);
INSERT INTO Elemento_Ficha_Tecnica(idFicha, componente_quimico, perc ) VALUES ( 7, 'CaCO3' , 88.2);
INSERT INTO Elemento_Ficha_Tecnica(idFicha, componente_quimico, perc ) VALUES ( 8 , 'CaCO3' , 71.7);
INSERT INTO Elemento_Ficha_Tecnica(idFicha, componente_quimico, perc ) VALUES ( 3 , 'Mg' , 6);
INSERT INTO Elemento_Ficha_Tecnica(idFicha, componente_quimico, perc ) VALUES ( 4, 'S' , 20.8);
INSERT INTO Elemento_Ficha_Tecnica(idFicha, componente_quimico, perc ) VALUES (5, 'S' , 12.4);
INSERT INTO Elemento_Ficha_Tecnica(idFicha, componente_quimico, perc ) VALUES ( 6, 'S' , 13);
INSERT INTO Elemento_Ficha_Tecnica(idFicha, componente_quimico, perc ) VALUES ( 7, 'MgCO3' , 1.9);
INSERT INTO Elemento_Ficha_Tecnica(idFicha, componente_quimico, perc ) VALUES ( 8, 'MgCO3' , 14.8);
INSERT INTO Elemento_Ficha_Tecnica(idFicha, componente_quimico, perc ) VALUES (3 , 'S' , 17.6);
INSERT INTO Elemento_Ficha_Tecnica(idFicha, componente_quimico, perc ) VALUES ( 5, 'B' , 0.9);
INSERT INTO Elemento_Ficha_Tecnica(idFicha, componente_quimico, perc ) VALUES ( 8,'MgO' , 7.9);
INSERT INTO Elemento_Ficha_Tecnica(idFicha, componente_quimico, perc ) VALUES ( 5, 'Mn' , 1);
INSERT INTO Elemento_Ficha_Tecnica(idFicha, componente_quimico, perc ) VALUES ( 12, 'Azoto orgânico(N)' , 3);
INSERT INTO Elemento_Ficha_Tecnica(idFicha, componente_quimico, perc ) VALUES ( 12, 'P205' , 0.8);
INSERT INTO Elemento_Ficha_Tecnica(idFicha, componente_quimico, perc ) VALUES ( 12, 'K2O' , 0.4);
INSERT INTO Elemento_Ficha_Tecnica(idFicha, componente_quimico, perc ) VALUES ( 12, 'Ca' , 1.6);
INSERT INTO Elemento_Ficha_Tecnica(idFicha, componente_quimico, perc ) VALUES ( 12, 'MgO' , 0.3);
INSERT INTO Elemento_Ficha_Tecnica(idFicha, componente_quimico, perc ) VALUES ( 12, 'B' , 0.004);
INSERT INTO Elemento_Ficha_Tecnica(idFicha, componente_quimico, perc ) VALUES ( 13, 'Azoto orgânico(N)' , 6.4);
INSERT INTO Elemento_Ficha_Tecnica(idFicha, componente_quimico, perc ) VALUES ( 13, 'P205' , 2.5);
INSERT INTO Elemento_Ficha_Tecnica(idFicha, componente_quimico, perc ) VALUES ( 13, 'K2O' , 2.4);
INSERT INTO Elemento_Ficha_Tecnica(idFicha, componente_quimico, perc ) VALUES ( 13, 'Ca' , 6);
INSERT INTO Elemento_Ficha_Tecnica(idFicha, componente_quimico, perc ) VALUES ( 13, 'MgO' , 0.3);
INSERT INTO Elemento_Ficha_Tecnica(idFicha, componente_quimico, perc ) VALUES ( 13, 'B' , 0.002);
INSERT INTO Elemento_Ficha_Tecnica(idFicha, componente_quimico, perc ) VALUES ( 14, 'Azoto (N)' , 3.6);
INSERT INTO Elemento_Ficha_Tecnica(idFicha, componente_quimico, perc ) VALUES ( 14, 'P205' , 2.5);
INSERT INTO Elemento_Ficha_Tecnica(idFicha, componente_quimico, perc ) VALUES ( 14, 'Azoto orgânico(N)' , 2.0 );
INSERT INTO Elemento_Ficha_Tecnica(idFicha, componente_quimico, perc ) VALUES ( 14, 'K2O' , 3.0);
INSERT INTO Elemento_Ficha_Tecnica(idFicha, componente_quimico, perc ) VALUES ( 14, 'COT' , 15.0);
INSERT INTO Elemento_Ficha_Tecnica(idFicha, componente_quimico, perc ) VALUES ( 14, 'AF' , 10.0);
INSERT INTO Elemento_Ficha_Tecnica(idFicha, componente_quimico, perc ) VALUES ( 15, 'SO3' , 45.0);
INSERT INTO Elemento_Ficha_Tecnica(idFicha, componente_quimico, perc ) VALUES ( 15, 'K2O' , 52.5);
INSERT INTO Elemento_Ficha_Tecnica(idFicha, componente_quimico, perc ) VALUES ( 16, 'CaO' , 35.0);
INSERT INTO Elemento_Ficha_Tecnica(idFicha, componente_quimico, perc ) VALUES ( 18, 'Cu' , 6.0);


INSERT INTO Fabricante (idFabricante, designacao) VALUES (1, 'ASCENZA');
INSERT INTO Fabricante (idFabricante, designacao) VALUES (2, 'Bayer');
INSERT INTO Fabricante (idFabricante, designacao) VALUES (3, 'K+S');
INSERT INTO Fabricante (idFabricante, designacao) VALUES (4, 'Biocal');
INSERT INTO Fabricante (idFabricante, designacao) VALUES (5, 'Nutrofertil');
INSERT INTO Fabricante (idFabricante, designacao) VALUES (6, 'Tecniferti');
INSERT INTO Fabricante (idFabricante, designacao) VALUES (8, 'Plymag');
INSERT INTO Fabricante (idFabricante, designacao) VALUES (9, 'Asfertglobal');


INSERT INTO Subtancia_Ficha_Tecnica(idFicha, designacao, perc ) VALUES ( 9,'Bacillus pumilus' , 97.74);
INSERT INTO Subtancia_Ficha_Tecnica(idFicha, designacao, perc ) VALUES ( 10,  'Ácidos gordos (na forma de sais de potássio)' , 47.8);
INSERT INTO Subtancia_Ficha_Tecnica(idFicha, designacao, perc ) VALUES (11, 'Terpenóides' , 14.42);
INSERT INTO Subtancia_Ficha_Tecnica(idFicha, designacao, perc ) VALUES (12, 'Matéria Orgânica' , 50);
INSERT INTO Subtancia_Ficha_Tecnica(idFicha, designacao, perc ) VALUES (13, 'Matéria Orgânica' , 53);
INSERT INTO Subtancia_Ficha_Tecnica(idFicha, designacao, perc ) VALUES (14, 'Matéria Orgânica' , 27);


INSERT INTO Classificacao (classificacao) VALUES ('Fitofármaco');
INSERT INTO Classificacao (classificacao) VALUES ('Adubo');
INSERT INTO Classificacao (classificacao) VALUES ('Corretor');
INSERT INTO Classificacao (classificacao) VALUES ('Matéria Orgânica');

INSERT INTO Aplicacao (aplicacao) VALUES ('Fungicida');
INSERT INTO Aplicacao (aplicacao) VALUES ('Adubo solo');
INSERT INTO Aplicacao (aplicacao) VALUES ('Adubo foliar+Fertirrega');
INSERT INTO Aplicacao (aplicacao) VALUES ('Adubo foliar');
INSERT INTO Aplicacao (aplicacao) VALUES ('Correção solo');
INSERT INTO Aplicacao (aplicacao) VALUES ('Insecticida');
INSERT INTO Aplicacao (aplicacao) VALUES ('Matéria Orgânica Líquida');
INSERT INTO Aplicacao (aplicacao) VALUES ('Adubo orgânico');
INSERT INTO Aplicacao (aplicacao) VALUES ('Adubo líquido');



INSERT INTO Formulacao (formato) VALUES ( 'Pó molhável');
INSERT INTO Formulacao (formato) VALUES ( 'Granulado');
INSERT INTO Formulacao (formato) VALUES ( 'Pó');
INSERT INTO Formulacao (formato) VALUES ( 'Líquido');
INSERT INTO Formulacao (formato) VALUES ( 'Emulsão de óleo em água');

INSERT INTO  Fator_Producao  (designacao, idFicha, formato, idFabricante,  aplicacao,  classificacao) VALUES ( 'Calda Bordalesa ASCENZA' ,1,'Pó molhável' ,1,'Fungicida', 'Fitofármaco' );
INSERT INTO  Fator_Producao  (designacao, idFicha, formato, idFabricante,  aplicacao,  classificacao) VALUES ( 'Enxofre Bayer 80 WG' ,2,'Pó molhável' ,2,'Fungicida', 'Fitofármaco' );
INSERT INTO  Fator_Producao  (designacao, idFicha, formato, idFabricante,  aplicacao,  classificacao) VALUES ( 'Patentkali' ,3,'Granulado' ,3,'Adubo solo', 'Adubo');
INSERT INTO  Fator_Producao  (designacao, idFicha, formato, idFabricante,  aplicacao,  classificacao) VALUES ( 'ESTA Kieserit' ,4,'Granulado' ,3,'Adubo solo', 'Adubo' );
INSERT INTO  Fator_Producao  (designacao, idFicha, formato, idFabricante,  aplicacao,  classificacao) VALUES ( 'EPSO Microtop' ,5,'Granulado' ,3,'Adubo foliar+Fertirrega', 'Adubo' );
INSERT INTO  Fator_Producao  (designacao, idFicha, formato, idFabricante,  aplicacao,  classificacao) VALUES ( 'EPSO Top' ,6,'Granulado' ,3,'Adubo foliar', 'Adubo' );
INSERT INTO  Fator_Producao  (designacao, idFicha, formato, idFabricante,  aplicacao,  classificacao) VALUES ( 'Biocal CaCo3' ,7,'Granulado' ,4,'Correção solo', 'Corretor' );
INSERT INTO  Fator_Producao  (designacao, idFicha, formato, idFabricante,  aplicacao,  classificacao) VALUES ( 'Biocal Composto' ,8,'Pó' ,4,'Correção solo', 'Corretor' );
INSERT INTO  Fator_Producao  (designacao, idFicha, formato, idFabricante,  aplicacao,  classificacao) VALUES ( 'Sonata' ,9,'Líquido' ,2,'Fungicida', 'Fitofármaco' );
INSERT INTO  Fator_Producao  (designacao, idFicha, formato, idFabricante,  aplicacao,  classificacao) VALUES ( 'FLiPPER' ,10,'Emulsão de óleo em água' ,2,'Insecticida', 'Fitofármaco' );
INSERT INTO  Fator_Producao  (designacao, idFicha, formato, idFabricante,  aplicacao,  classificacao) VALUES ( 'Requiem Prime' ,11,'Líquido' ,2,'Insecticida', 'Fitofármaco' );
INSERT INTO  Fator_Producao  (designacao, idFicha, formato, idFabricante,  aplicacao,  classificacao) VALUES ( 'Fertimax Extrume de Cavalo' ,12,'Granulado' ,5,'Adubo solo', 'Adubo');
INSERT INTO  Fator_Producao  (designacao, idFicha, formato, idFabricante,  aplicacao,  classificacao) VALUES ( 'BIOFERTIL N6' ,13,'Granulado' ,5,'Adubo solo', 'Adubo');
INSERT INTO  Fator_Producao  (designacao, idFicha, formato, idFabricante,  aplicacao,  classificacao) VALUES ( 'Techiferti MOL' ,14,'Líquido' ,6,'Matéria Orgânica Líquida', 'Matéria Orgânica');
INSERT INTO  Fator_Producao  (designacao, idFicha, formato, idFabricante,  aplicacao,  classificacao) VALUES ( 'soluSOP 52' ,15,'Pó molhável' ,3,'Adubo orgânico', 'Adubo');
INSERT INTO  Fator_Producao  (designacao, idFicha, formato, idFabricante,  aplicacao,  classificacao) VALUES ( 'Floracal Flow SL' ,16,'Líquido' ,8,'Adubo líquido', 'Adubo');
INSERT INTO  Fator_Producao  (designacao, idFicha, formato, idFabricante,  aplicacao,  classificacao) VALUES ( 'Kiplant AllGrip' ,17,'Líquido' ,9,'Adubo líquido', 'Adubo');
INSERT INTO  Fator_Producao  (designacao, idFicha, formato, idFabricante,  aplicacao,  classificacao) VALUES ( 'Cuperdem' ,18,'Líquido' ,9,'Adubo líquido', 'Adubo');


INSERT INTO Fator_Producao_Parcela (designacao, id) VALUES ('Patentkali',102) ;
INSERT INTO Fator_Producao_Parcela (designacao, id) VALUES ('ESTA Kieserit',104) ;
INSERT INTO Fator_Producao_Parcela (designacao, id) VALUES ('Calda Bordalesa ASCENZA',107);
INSERT INTO Fator_Producao_Parcela (designacao, id) VALUES ('Biocal Composto',103);
INSERT INTO Fator_Producao_Parcela (designacao, id) VALUES ('EPSO Microtop',104) ;


INSERT INTO Cultura (idCultura, cultura, tipo) VALUES ( 1, 'Tremoço Amarelo', 'Temporária') ;
INSERT INTO Cultura (idCultura, cultura, tipo) VALUES ( 2, 'Milho Doce Golden Bantam','Temporária') ;
INSERT INTO Cultura (idCultura, cultura, tipo) VALUES ( 3, 'Tremoço Amarelo','Temporária') ;
INSERT INTO Cultura (idCultura, cultura, tipo) VALUES ( 4,  'Milho Doce Golden Bantam','Temporária') ;
INSERT INTO Cultura (idCultura, cultura, tipo) VALUES (  5, 'Milho MAS 24.C','Temporária') ;
INSERT INTO Cultura (idCultura, cultura, tipo) VALUES (  6, 'Tremoço Amarelo','Temporária') ;
INSERT INTO Cultura (idCultura, cultura, tipo) VALUES (  7, 'Milho MAS 24.C','Temporária') ;
INSERT INTO Cultura (idCultura, cultura, tipo) VALUES (  8,'Tremoço Amarelo','Temporária') ;
INSERT INTO Cultura (idCultura, cultura, tipo) VALUES (  9, 'Milho MAS 24.C','Temporária') ;
INSERT INTO Cultura (idCultura, cultura, tipo) VALUES (  10, 'Tremoço Amarelo','Temporária') ;
INSERT INTO Cultura (idCultura, cultura, tipo) VALUES (  11,'Oliveira Galega','Permanente') ;
INSERT INTO Cultura (idCultura, cultura, tipo) VALUES (  12 ,'Oliveira Picual','Permanente') ;
INSERT INTO Cultura (idCultura, cultura, tipo) VALUES (  13 , 'Cenoura Scarlet Nantes','Temporária') ;
INSERT INTO Cultura (idCultura, cultura, tipo) VALUES (  14, 'Cenoura Nelson Hybrid','Temporária') ;
INSERT INTO Cultura (idCultura, cultura, tipo) VALUES (  15,'Nabo S. Cosme','Temporária') ;
INSERT INTO Cultura (idCultura, cultura, tipo) VALUES (  16, 'Cenoura Sugarsnax Hybrid','Temporária') ;
INSERT INTO Cultura (idCultura, cultura, tipo) VALUES (  17 ,'Cenoura Danvers Half Long','Temporária') ;
INSERT INTO Cultura (idCultura, cultura, tipo) VALUES (  18, 'Nabo S. Cosme','Temporária') ;
INSERT INTO Cultura (idCultura, cultura, tipo) VALUES (  19,'Cenoura Sugarsnax Hybrid','Temporária') ;
INSERT INTO Cultura (idCultura, cultura, tipo) VALUES (  20, 'Cenoura Nelson Hybrid','Temporária') ;
INSERT INTO Cultura (idCultura, cultura, tipo) VALUES ( 21, 'Nabo greleiro Senhora Conceição','Temporária') ;
INSERT INTO Cultura (idCultura, cultura, tipo) VALUES ( 22, 'Macieira Jonagored','Permanente') ;
INSERT INTO Cultura (idCultura, cultura, tipo) VALUES ( 23, 'Macieira Fuji','Permanente') ;
INSERT INTO Cultura (idCultura, cultura, tipo) VALUES ( 24, 'Macieira Royal Gala','Permanente') ;
INSERT INTO Cultura (idCultura, cultura, tipo) VALUES ( 25, 'Macieira Royal Gala','Permanente') ;
INSERT INTO Cultura (idCultura, cultura, tipo) VALUES (  26,'Videira Dona Maria','Permanente') ;
INSERT INTO Cultura (idCultura, cultura, tipo) VALUES ( 27,  'Videira Cardinal','Permanente') ;
INSERT INTO Cultura (idCultura, cultura, tipo) VALUES ( 28,  'Macieira Pipo de Basto','Permanente') ;
INSERT INTO Cultura (idCultura, cultura, tipo) VALUES ( 29,  'Macieira Porta da Loja','Permanente') ;
INSERT INTO Cultura (idCultura, cultura, tipo) VALUES ( 30,  'Macieira Malápio','Permanente') ;
INSERT INTO Cultura (idCultura, cultura, tipo) VALUES ( 31,  'Macieira Gronho Doce','Permanente') ;
INSERT INTO Cultura (idCultura, cultura, tipo) VALUES ( 32,  'Oliveira Arbequina','Permanente') ;
INSERT INTO Cultura (idCultura, cultura, tipo) VALUES ( 33,  'Cenoura Sugarsnax Hybrid','Temporária') ;
INSERT INTO Cultura (idCultura, cultura, tipo) VALUES ( 34,  'Abóbora manteiga','Temporária') ;
INSERT INTO Cultura (idCultura, cultura, tipo) VALUES ( 35,  'Cenoura Danvers Half Long','Temporária') ;
INSERT INTO Cultura (idCultura, cultura, tipo) VALUES ( 36,  'Tremoço Amarelo','Temporária') ;
INSERT INTO Cultura (idCultura, cultura, tipo) VALUES ( 38,  'Macieira Canada','Permanente') ;
INSERT INTO Cultura (idCultura, cultura, tipo) VALUES ( 39,  'Macieira Grand Fay','Permanente') ;
INSERT INTO Cultura (idCultura, cultura, tipo) VALUES ( 40,  'Solo','Permanente') ;



INSERT INTO Produto (idCultura, nomeComercial, idProduto) VALUES ( 1, 'Tremoço Amarelo', 1) ;
INSERT INTO Produto (idCultura, nomeComercial, idProduto) VALUES ( 2, 'Milho Doce Golden Bantam',2) ;
INSERT INTO Produto (idCultura, nomeComercial, idProduto) VALUES ( 3, 'Tremoço Amarelo',1) ;
INSERT INTO Produto (idCultura, nomeComercial, idProduto) VALUES ( 4,  'Milho Doce Golden Bantam',4) ;
INSERT INTO Produto (idCultura, nomeComercial, idProduto) VALUES (  5, 'Milho MAS 24.C',5) ;
INSERT INTO Produto (idCultura, nomeComercial, idProduto) VALUES (  6, 'Tremoço Amarelo',1) ;
INSERT INTO Produto (idCultura, nomeComercial, idProduto) VALUES (  7, 'Milho MAS 24.C',5) ;
INSERT INTO Produto (idCultura, nomeComercial, idProduto) VALUES (  8,'Tremoço Amarelo',1) ;
INSERT INTO Produto (idCultura, nomeComercial, idProduto) VALUES (  9, 'Milho MAS 24.C',5) ;
INSERT INTO Produto (idCultura, nomeComercial, idProduto) VALUES (  10, 'Tremoço Amarelo',1) ;
INSERT INTO Produto (idCultura, nomeComercial, idProduto) VALUES (  11,'Azeitona Galega',6) ;
INSERT INTO Produto (idCultura, nomeComercial, idProduto) VALUES (  12 ,'Azeitona Picual',7) ;
INSERT INTO Produto (idCultura, nomeComercial, idProduto) VALUES (  13 , 'Cenoura Scarlet Nantes',8);
INSERT INTO Produto (idCultura, nomeComercial, idProduto) VALUES (  15,'Nabo S. Cosme',9) ;
INSERT INTO Produto (idCultura, nomeComercial, idProduto) VALUES (  16, 'Cenoura Sugarsnax Hybrid',10) ;
INSERT INTO Produto (idCultura, nomeComercial, idProduto) VALUES (  17 ,'Cenoura Danvers Half Long',11) ;
INSERT INTO Produto (idCultura, nomeComercial, idProduto) VALUES (  18, 'Nabo S. Cosme',9) ;
INSERT INTO Produto (idCultura, nomeComercial, idProduto) VALUES (  19,'Cenoura Sugarsnax Hybrid',10) ;
INSERT INTO Produto (idCultura, nomeComercial, idProduto) VALUES (  20, 'Cenoura Nelson Hybrid',12) ;
INSERT INTO Produto (idCultura, nomeComercial, idProduto) VALUES ( 21, 'Nabo greleiro Senhora Conceição',13) ;
INSERT INTO Produto (idCultura, nomeComercial, idProduto) VALUES ( 22, 'Maça Jonagored',14) ;
INSERT INTO Produto (idCultura, nomeComercial, idProduto) VALUES ( 23, 'Maça Fuji',15) ;
INSERT INTO Produto (idCultura, nomeComercial, idProduto) VALUES ( 24, 'Maça Royal Gala',16) ;
INSERT INTO Produto (idCultura, nomeComercial, idProduto) VALUES ( 25, 'Maça Royal Gala',16) ;
INSERT INTO Produto (idCultura, nomeComercial, idProduto) VALUES (  26,'Uva Dona Maria',17) ;
INSERT INTO Produto (idCultura, nomeComercial, idProduto) VALUES ( 27,  'Uva Cardinal',18) ;
INSERT INTO Produto (idCultura, nomeComercial, idProduto) VALUES ( 28,  'Maça Pipo de Basto',19) ;
INSERT INTO Produto (idCultura, nomeComercial, idProduto) VALUES ( 29,  'Maça Porta da Loja',20) ;
INSERT INTO Produto (idCultura, nomeComercial, idProduto) VALUES ( 30,  'Maça Malápio',21) ;
INSERT INTO Produto (idCultura, nomeComercial, idProduto) VALUES ( 31,  'Maça Gronho Doce',22) ;
INSERT INTO Produto (idCultura, nomeComercial, idProduto) VALUES ( 32,  'Azeitona Arbequina',23) ;
INSERT INTO Produto (idCultura, nomeComercial, idProduto) VALUES ( 33,  'Cenoura Sugarsnax Hybrid',10) ;
INSERT INTO Produto (idCultura, nomeComercial, idProduto) VALUES ( 34,  'Abóbora manteiga',24) ;
INSERT INTO Produto (idCultura, nomeComercial, idProduto) VALUES ( 35,  'Cenoura Danvers Half Long',11) ;
INSERT INTO Produto (idCultura, nomeComercial, idProduto) VALUES ( 36,  'Tremoço Amarelo',1) ;
INSERT INTO Produto (idCultura, nomeComercial, idProduto) VALUES ( 38,  'Maça Canada',25) ;
INSERT INTO Produto (idCultura, nomeComercial, idProduto) VALUES ( 39,  'Maça Grand Fay',26) ;


INSERT INTO Cultura_Parcela (idCultura, id, quantidade,unidades, dataInicio, dataFinal) VALUES (  1,  101  , 1.1 ,'ha' , TO_DATE('10/10/2020','dd/mm/yyyy') , TO_DATE('30/03/2021','dd/mm/yyyy') ) ;
INSERT INTO Cultura_Parcela (idCultura, id, quantidade,unidades, dataInicio, dataFinal) VALUES (  2, 101  , 0.9 ,'ha' ,  TO_DATE('10/04/2021','dd/mm/yyyy') , TO_DATE('12/08/2021','dd/mm/yyyy')  ) ;
INSERT INTO Cultura_Parcela (idCultura, id, quantidade,unidades, dataInicio, dataFinal) VALUES (  3,101  , 1.1 ,'ha' , TO_DATE('03/10/2021','dd/mm/yyyy') ,TO_DATE( '05/04/2022','dd/mm/yyyy')) ;
INSERT INTO Cultura_Parcela (idCultura, id, quantidade,unidades, dataInicio, dataFinal) VALUES (  4,  101  , 0.9 ,'ha' ,  TO_DATE('15/04/2022','dd/mm/yyyy'), TO_DATE('21/08/2022','dd/mm/yyyy')  ) ;
INSERT INTO Cultura_Parcela (idCultura, id, quantidade,unidades, dataInicio, dataFinal) VALUES (  5, 103  , 1.2 ,'ha' , TO_DATE('05/04/2020' ,'dd/mm/yyyy'), TO_DATE('20/08/2020','dd/mm/yyyy')  ) ;
INSERT INTO Cultura_Parcela (idCultura, id, quantidade,unidades, dataInicio, dataFinal) VALUES (  6, 103  , 1.3 ,'ha' ,  TO_DATE('12/10/2020','dd/mm/yyyy') , TO_DATE('15/03/2021','dd/mm/yyyy')  ) ;
INSERT INTO Cultura_Parcela (idCultura, id, quantidade,unidades, dataInicio, dataFinal) VALUES (  7,  103  , 1.2 ,'ha' ,  TO_DATE('03/04/2021','dd/mm/yyyy'), TO_DATE('25/08/2021','dd/mm/yyyy')  ) ;
INSERT INTO Cultura_Parcela (idCultura, id, quantidade,unidades, dataInicio, dataFinal) VALUES (  8,  103  , 1.3 ,'ha' , TO_DATE('06/10/2021','dd/mm/yyyy') ,TO_DATE( '19/03/2022' ,'dd/mm/yyyy')) ;
INSERT INTO Cultura_Parcela (idCultura, id, quantidade,unidades, dataInicio, dataFinal) VALUES (  9,103  , 1.2 ,'ha' , TO_DATE('08/04/2022','dd/mm/yyyy') , TO_DATE('18/08/2022','dd/mm/yyyy')  ) ;
INSERT INTO Cultura_Parcela (idCultura, id, quantidade,unidades, dataInicio, dataFinal) VALUES (  10, 103  , 1.3 ,'ha' , TO_DATE('12/10/2022','dd/mm/yyyy') ,TO_DATE( '20/03/2023' ,'dd/mm/yyyy') ) ;
INSERT INTO Cultura_Parcela (idCultura, id, quantidade,unidades, dataInicio, dataFinal) VALUES (  11, 102  , 30 ,'un' , TO_DATE('06/10/2016','dd/mm/yyyy') ,null  ) ;
INSERT INTO Cultura_Parcela (idCultura, id, quantidade,unidades, dataInicio, dataFinal) VALUES (  12, 102  , 20 ,'un' , TO_DATE('10/10/2016','dd/mm/yyyy'),null  ) ;
INSERT INTO Cultura_Parcela (idCultura, id, quantidade,unidades, dataInicio, dataFinal) VALUES (  13, 106  , 0.15 ,'ha' , TO_DATE('10/03/2020','dd/mm/yyyy'),TO_DATE( '15/05/2020','dd/mm/yyyy')  ) ;
INSERT INTO Cultura_Parcela (idCultura, id, quantidade,unidades, dataInicio, dataFinal) VALUES (  14, 106  , 0.1 ,'ha' ,  TO_DATE('02/06/2020','dd/mm/yyyy'),TO_DATE( '08/09/2020','dd/mm/yyyy') ) ;
INSERT INTO Cultura_Parcela (idCultura, id, quantidade,unidades, dataInicio, dataFinal) VALUES (  15, 106  , 0.2 ,'ha' ,TO_DATE( '20/09/2020','dd/mm/yyyy'), TO_DATE( '10/01/2021','dd/mm/yyyy') ) ;
INSERT INTO Cultura_Parcela (idCultura, id, quantidade,unidades, dataInicio, dataFinal) VALUES (  16, 106  , 0.15 ,'ha' ,TO_DATE( '10/03/2021','dd/mm/yyyy') ,TO_DATE( '15/05/2021' ,'dd/mm/yyyy') ) ;
INSERT INTO Cultura_Parcela (idCultura, id, quantidade,unidades, dataInicio, dataFinal) VALUES (  17, 106  , 0.1 ,'ha' , TO_DATE( '02/06/2021','dd/mm/yyyy'),TO_DATE( '08/09/2021','dd/mm/yyyy')  ) ;
INSERT INTO Cultura_Parcela (idCultura, id, quantidade,unidades, dataInicio, dataFinal) VALUES (  18, 106  , 0.2 ,'ha' , TO_DATE( '20/09/2021','dd/mm/yyyy'),TO_DATE( '10/01/2022' ,'dd/mm/yyyy'));
INSERT INTO Cultura_Parcela (idCultura, id, quantidade,unidades, dataInicio, dataFinal) VALUES (  19, 106  , 0.15 ,'ha' , TO_DATE( '06/03/2022','dd/mm/yyyy'),TO_DATE( '16/05/2022','dd/mm/yyyy'));
INSERT INTO Cultura_Parcela (idCultura, id, quantidade,unidades, dataInicio, dataFinal) VALUES (  20, 106  , 0.15 ,'ha' , TO_DATE( '30/05/2022','dd/mm/yyyy'), TO_DATE('05/09/2022','dd/mm/yyyy'));
INSERT INTO Cultura_Parcela (idCultura, id, quantidade,unidades, dataInicio, dataFinal) VALUES (  21, 106  , 0.25 ,'ha' , TO_DATE( '20/09/2022','dd/mm/yyyy'), TO_DATE('14/01/2023','dd/mm/yyyy'));
INSERT INTO Cultura_Parcela (idCultura, id, quantidade,unidades, dataInicio, dataFinal) VALUES (  22, 104  , 90 ,'un' , TO_DATE( '07/01/2017','dd/mm/yyyy'),null  ) ;
INSERT INTO Cultura_Parcela (idCultura, id, quantidade,unidades, dataInicio, dataFinal) VALUES (  23, 104  , 60 ,'un' , TO_DATE( '08/01/2017','dd/mm/yyyy') ,null  ) ;
INSERT INTO Cultura_Parcela (idCultura, id, quantidade,unidades, dataInicio, dataFinal) VALUES (  24, 104  , 40 ,'un' , TO_DATE( '08/01/2017','dd/mm/yyyy'),null  ) ;
INSERT INTO Cultura_Parcela (idCultura, id, quantidade,unidades, dataInicio, dataFinal) VALUES (  25,  104  , 30 ,'un' , TO_DATE( '10/12/2018','dd/mm/yyyy'),null  ) ;
INSERT INTO Cultura_Parcela (idCultura, id, quantidade,unidades, dataInicio, dataFinal) VALUES (  26,  107  , 500 ,'un' , TO_DATE( '10/01/2018','dd/mm/yyyy'),null  ) ;
INSERT INTO Cultura_Parcela (idCultura, id, quantidade,unidades, dataInicio, dataFinal) VALUES (  27, 107  , 700 ,'un' , TO_DATE( '11/01/2018','dd/mm/yyyy') ,null  ) ;
INSERT INTO Cultura_Parcela (idCultura, id, quantidade,unidades, dataInicio, dataFinal) VALUES (  28, 105  , 40 ,'un' , TO_DATE( '10/01/2019','dd/mm/yyyy') ,null  ) ;
INSERT INTO Cultura_Parcela (idCultura, id, quantidade,unidades, dataInicio, dataFinal) VALUES (  29, 105  , 50 ,'un' , TO_DATE( '09/01/2019','dd/mm/yyyy') ,null  ) ;
INSERT INTO Cultura_Parcela (idCultura, id, quantidade,unidades, dataInicio, dataFinal) VALUES (  30, 105  , 20 ,'un' , TO_DATE( '09/01/2019','dd/mm/yyyy') ,null  ) ;
INSERT INTO Cultura_Parcela (idCultura, id, quantidade,unidades, dataInicio, dataFinal) VALUES (  31, 105  , 50 ,'un' , TO_DATE( '11/01/2019','dd/mm/yyyy') ,null  ) ;
INSERT INTO Cultura_Parcela (idCultura, id, quantidade,unidades, dataInicio, dataFinal) VALUES (  32, 102  , 40 ,'un' , TO_DATE( '12/10/2016','dd/mm/yyyy') ,null  ) ;
INSERT INTO Cultura_Parcela (idCultura, id, quantidade,unidades, dataInicio, dataFinal) VALUES (  33, 108  , 0.5 ,'ha' , TO_DATE( '05/04/2023','dd/mm/yyyy') ,null  ) ;
INSERT INTO Cultura_Parcela (idCultura, id, quantidade,unidades, dataInicio, dataFinal) VALUES (  34, 108  , 0.6 ,'ha' , TO_DATE( '06/04/2023','dd/mm/yyyy') ,null  ) ;
INSERT INTO Cultura_Parcela (idCultura, id, quantidade,unidades, dataInicio, dataFinal) VALUES (  35, 108  , 0.5 ,'ha' , TO_DATE( '05/07/2023','dd/mm/yyyy') ,null  ) ;
INSERT INTO Cultura_Parcela (idCultura, id, quantidade,unidades, dataInicio, dataFinal) VALUES (  36, 108  , 1.1 ,'ha' , TO_DATE( '12/10/2023','dd/mm/yyyy') ,null  ) ;
INSERT INTO Cultura_Parcela (idCultura, id, quantidade,unidades, dataInicio, dataFinal) VALUES (  38, 105  , 30 ,'un' , TO_DATE( '01/05/2019','dd/mm/yyyy') ,null  ) ;
INSERT INTO Cultura_Parcela (idCultura, id, quantidade,unidades, dataInicio, dataFinal) VALUES (  39, 105  , 40 ,'un' , TO_DATE( '01/05/2019','dd/mm/yyyy') ,null  ) ;
INSERT INTO Cultura_Parcela (idCultura, id, quantidade,unidades, dataInicio, dataFinal) VALUES (  40, 108  , 500 ,'kg' , TO_DATE( '01/04/2023','dd/mm/yyyy') ,null  ) ;
INSERT INTO Cultura_Parcela (idCultura, id, quantidade,unidades, dataInicio, dataFinal) VALUES (  40, 105  , 500 ,'kg' , TO_DATE( '01/04/2023','dd/mm/yyyy') ,null  ) ;


INSERT INTO Operacoes (idOperacao , data , quantidade , unidade , designacao, idCultura, id)VALUES (1,TO_DATE('06/10/2016', 'dd/mm/yyyy')  ,30, 'un' , null,11, 102   ) ;
INSERT INTO Operacoes (idOperacao , data , quantidade , unidade , designacao, idCultura, id)VALUES (2,TO_DATE('10/10/2016', 'dd/mm/yyyy')  ,20, 'un' , null,12, 102  ) ;
INSERT INTO Operacoes (idOperacao , data , quantidade , unidade , designacao, idCultura, id)VALUES (3,TO_DATE('07/01/2017', 'dd/mm/yyyy')  ,90, 'un' , null,22, 104  ) ;
INSERT INTO Operacoes (idOperacao , data , quantidade , unidade , designacao, idCultura, id)VALUES (4,TO_DATE('08/01/2017', 'dd/mm/yyyy') ,60, 'un' , null,23, 104  ) ;
INSERT INTO Operacoes (idOperacao , data , quantidade , unidade , designacao, idCultura, id)VALUES (5,TO_DATE('08/01/2017', 'dd/mm/yyyy')  ,40, 'un' , null,24,104  ) ;
INSERT INTO Operacoes (idOperacao , data , quantidade , unidade , designacao, idCultura, id)VALUES (6,TO_DATE('03/07/2017', 'dd/mm/yyyy')  ,  0.4 , 'm3' , null,11, 102  ) ;
INSERT INTO Operacoes (idOperacao , data , quantidade , unidade , designacao, idCultura, id)VALUES (7,TO_DATE('03/07/2017', 'dd/mm/yyyy') ,  0.9 , 'm3' , null,12, 102  ) ;
INSERT INTO Operacoes (idOperacao , data , quantidade , unidade , designacao, idCultura, id)VALUES (8,TO_DATE('10/07/2017', 'dd/mm/yyyy')  ,3, 'm3' , null,22, 104  ) ;
INSERT INTO Operacoes (idOperacao , data , quantidade , unidade , designacao, idCultura, id)VALUES (9,TO_DATE('10/07/2017', 'dd/mm/yyyy')  ,3, 'm3' , null,23,104  ) ;
INSERT INTO Operacoes (idOperacao , data , quantidade , unidade , designacao, idCultura, id)VALUES (10,TO_DATE('10/07/2017', 'dd/mm/yyyy')  ,3, 'm3' , null,24, 104  ) ;
INSERT INTO Operacoes (idOperacao , data , quantidade , unidade , designacao, idCultura, id)VALUES (11,TO_DATE('10/07/2017', 'dd/mm/yyyy')  ,3, 'm3' , null,25,104  ) ;
INSERT INTO Operacoes (idOperacao , data , quantidade , unidade , designacao, idCultura, id)VALUES (12,TO_DATE('10/08/2017', 'dd/mm/yyyy')  ,  0.4 , 'm3' , null,11, 102  ) ;
INSERT INTO Operacoes (idOperacao , data , quantidade , unidade , designacao, idCultura, id)VALUES (13,TO_DATE('10/08/2017', 'dd/mm/yyyy')  ,  0.9 , 'm3' , null,12,102  ) ;
INSERT INTO Operacoes (idOperacao , data , quantidade , unidade , designacao, idCultura, id)VALUES (14,TO_DATE('10/08/2017', 'dd/mm/yyyy')  ,  3.5 , 'm3' , null,22, 104  ) ;
INSERT INTO Operacoes (idOperacao , data , quantidade , unidade , designacao, idCultura, id)VALUES (15,TO_DATE('10/08/2017', 'dd/mm/yyyy')  ,  3.5 , 'm3' , null,23, 104  ) ;
INSERT INTO Operacoes (idOperacao , data , quantidade , unidade , designacao, idCultura, id)VALUES (16,TO_DATE('10/08/2017', 'dd/mm/yyyy')  ,  3.5 , 'm3' , null,24, 104  ) ;
INSERT INTO Operacoes (idOperacao , data , quantidade , unidade , designacao, idCultura, id)VALUES (17,TO_DATE('10/08/2017', 'dd/mm/yyyy')  ,  3.5 , 'm3' , null,25, 104  ) ;
INSERT INTO Operacoes (idOperacao , data , quantidade , unidade , designacao, idCultura, id)VALUES (18,TO_DATE('10/09/2017', 'dd/mm/yyyy') ,3, 'm3' , null,22, 104  ) ;
INSERT INTO Operacoes (idOperacao , data , quantidade , unidade , designacao, idCultura, id)VALUES (19,TO_DATE('10/09/2017', 'dd/mm/yyyy') ,3, 'm3' , null,23, 104  ) ;
INSERT INTO Operacoes (idOperacao , data , quantidade , unidade , designacao, idCultura, id)VALUES (20,TO_DATE('10/09/2017', 'dd/mm/yyyy') ,3, 'm3' , null,24, 104  ) ;
INSERT INTO Operacoes (idOperacao , data , quantidade , unidade , designacao, idCultura, id)VALUES (21,TO_DATE('10/09/2017', 'dd/mm/yyyy') ,3, 'm3' , null,25, 104  ) ;
INSERT INTO Operacoes (idOperacao , data , quantidade , unidade , designacao, idCultura, id)VALUES (22,TO_DATE('04/11/2017', 'dd/mm/yyyy')  ,30, 'un' , null,11, 102  ) ;
INSERT INTO Operacoes (idOperacao , data , quantidade , unidade , designacao, idCultura, id)VALUES (23,TO_DATE('04/11/2017', 'dd/mm/yyyy')  ,20, 'un' , null,12, 102  ) ;
INSERT INTO Operacoes (idOperacao , data , quantidade , unidade , designacao, idCultura, id)VALUES (24,TO_DATE('10/12/2017', 'dd/mm/yyyy')  ,15, 'kg' , 'Patentkali',11, 102  ) ;
INSERT INTO Operacoes (idOperacao , data , quantidade , unidade , designacao, idCultura, id)VALUES (25,TO_DATE('10/12/2017', 'dd/mm/yyyy')  ,10, 'kg' , 'Patentkali',12, 102  ) ;
INSERT INTO Operacoes (idOperacao , data , quantidade , unidade , designacao, idCultura, id)VALUES (26,TO_DATE('07/01/2018', 'dd/mm/yyyy')  ,90, 'un' , null,22, 104  ) ;
INSERT INTO Operacoes (idOperacao , data , quantidade , unidade , designacao, idCultura, id)VALUES (27,TO_DATE('08/01/2018', 'dd/mm/yyyy')  ,60, 'un' , null,23, 104  ) ;
INSERT INTO Operacoes (idOperacao , data , quantidade , unidade , designacao, idCultura, id)VALUES (28,TO_DATE('08/01/2018', 'dd/mm/yyyy')  ,40, 'un' , null,24, 104  ) ;
INSERT INTO Operacoes (idOperacao , data , quantidade , unidade , designacao, idCultura, id)VALUES (29,TO_DATE('10/01/2018', 'dd/mm/yyyy')  ,500, 'un' , null,26, 107  ) ;
INSERT INTO Operacoes (idOperacao , data , quantidade , unidade , designacao, idCultura, id)VALUES (30,TO_DATE('11/01/2018', 'dd/mm/yyyy') ,700, 'un' , null,27, 107  ) ;
INSERT INTO Operacoes (idOperacao , data , quantidade , unidade , designacao, idCultura, id)VALUES (31,TO_DATE('06/02/2018', 'dd/mm/yyyy')  ,10, 'kg' , 'ESTA Kieserit',22, 104  ) ;
INSERT INTO Operacoes (idOperacao , data , quantidade , unidade , designacao, idCultura, id)VALUES (32,TO_DATE('06/02/2018', 'dd/mm/yyyy') ,6, 'kg' , 'ESTA Kieserit',23, 104  ) ;
INSERT INTO Operacoes (idOperacao , data , quantidade , unidade , designacao, idCultura, id)VALUES (33,TO_DATE('06/02/2018', 'dd/mm/yyyy')  ,5, 'kg' , 'ESTA Kieserit',24, 104  ) ;
INSERT INTO Operacoes (idOperacao , data , quantidade , unidade , designacao, idCultura, id)VALUES (34,TO_DATE('03/07/2018', 'dd/mm/yyyy')  ,1, 'm3' , null,12, 102  ) ;
INSERT INTO Operacoes (idOperacao , data , quantidade , unidade , designacao, idCultura, id)VALUES (35,TO_DATE('03/07/2018', 'dd/mm/yyyy')  ,  1.5 , 'm3' , null,11, 102  ) ;
INSERT INTO Operacoes (idOperacao , data , quantidade , unidade , designacao, idCultura, id)VALUES (36,TO_DATE('10/07/2018', 'dd/mm/yyyy')  ,  3.5 , 'm3' , null,22, 104  ) ;
INSERT INTO Operacoes (idOperacao , data , quantidade , unidade , designacao, idCultura, id)VALUES (37,TO_DATE('10/07/2018', 'dd/mm/yyyy')  ,  3.5 , 'm3' , null,23, 104  ) ;
INSERT INTO Operacoes (idOperacao , data , quantidade , unidade , designacao, idCultura, id)VALUES (38,TO_DATE('10/07/2018', 'dd/mm/yyyy')  ,  3.5 , 'm3' , null,24, 104  ) ;
INSERT INTO Operacoes (idOperacao , data , quantidade , unidade , designacao, idCultura, id)VALUES (39,TO_DATE('10/07/2018', 'dd/mm/yyyy')  ,  3.5 , 'm3' , null,25, 104  ) ;
INSERT INTO Operacoes (idOperacao , data , quantidade , unidade , designacao, idCultura, id)VALUES (40,TO_DATE('10/07/2018', 'dd/mm/yyyy')  ,6, 'm3' , null,26, 107  ) ;
INSERT INTO Operacoes (idOperacao , data , quantidade , unidade , designacao, idCultura, id)VALUES (41,TO_DATE('10/07/2018', 'dd/mm/yyyy')  ,6, 'm3' , null,27, 107  ) ;
INSERT INTO Operacoes (idOperacao , data , quantidade , unidade , designacao, idCultura, id)VALUES (42,TO_DATE('10/08/2018', 'dd/mm/yyyy')  ,1, 'm3' , null,12, 102  ) ;
INSERT INTO Operacoes (idOperacao , data , quantidade , unidade , designacao, idCultura, id)VALUES (43,TO_DATE('10/08/2018', 'dd/mm/yyyy')  ,  1.5 , 'm3' , null,11, 102  ) ;
INSERT INTO Operacoes (idOperacao , data , quantidade , unidade , designacao, idCultura, id)VALUES (44,TO_DATE('10/08/2018', 'dd/mm/yyyy')  ,4, 'm3' , null,22, 104  ) ;
INSERT INTO Operacoes (idOperacao , data , quantidade , unidade , designacao, idCultura, id)VALUES (45,TO_DATE('10/08/2018', 'dd/mm/yyyy')  ,4, 'm3' , null,23, 104  ) ;
INSERT INTO Operacoes (idOperacao , data , quantidade , unidade , designacao, idCultura, id)VALUES (46,TO_DATE('10/08/2018', 'dd/mm/yyyy')  ,4, 'm3' , null,24, 104  ) ;
INSERT INTO Operacoes (idOperacao , data , quantidade , unidade , designacao, idCultura, id)VALUES (47,TO_DATE('10/08/2018', 'dd/mm/yyyy')  ,4, 'm3' , null,25, 104  ) ;
INSERT INTO Operacoes (idOperacao , data , quantidade , unidade , designacao, idCultura, id)VALUES (48,TO_DATE('11/08/2018', 'dd/mm/yyyy') ,7, 'm3' , null,26, 107 ) ;
INSERT INTO Operacoes (idOperacao , data , quantidade , unidade , designacao, idCultura, id)VALUES (49,TO_DATE('11/08/2018', 'dd/mm/yyyy') ,7, 'm3' , null ,27, 107 ) ;
INSERT INTO Operacoes (idOperacao , data , quantidade , unidade , designacao, idCultura, id)VALUES (50,TO_DATE('02/09/2018', 'dd/mm/yyyy')  ,4, 'm3' , null,22, 104  ) ;
INSERT INTO Operacoes (idOperacao , data , quantidade , unidade , designacao, idCultura, id)VALUES (51,TO_DATE('02/09/2018', 'dd/mm/yyyy')  ,4, 'm3' , null,23, 104  ) ;
INSERT INTO Operacoes (idOperacao , data , quantidade , unidade , designacao, idCultura, id)VALUES (52,TO_DATE('02/09/2018', 'dd/mm/yyyy')  ,4, 'm3' , null,24, 104  ) ;
INSERT INTO Operacoes (idOperacao , data , quantidade , unidade , designacao, idCultura, id)VALUES (53,TO_DATE('02/09/2018', 'dd/mm/yyyy')  ,4, 'm3' , null,25, 104  ) ;
INSERT INTO Operacoes (idOperacao , data , quantidade , unidade , designacao, idCultura, id)VALUES (54,TO_DATE('10/09/2018', 'dd/mm/yyyy')  ,4, 'm3' , null,22, 104  ) ;
INSERT INTO Operacoes (idOperacao , data , quantidade , unidade , designacao, idCultura, id)VALUES (55,TO_DATE('10/09/2018', 'dd/mm/yyyy')  ,4, 'm3' , null,23, 104  ) ;
INSERT INTO Operacoes (idOperacao , data , quantidade , unidade , designacao, idCultura, id)VALUES (56,TO_DATE('10/09/2018', 'dd/mm/yyyy')  ,4, 'm3' , null,24, 104  ) ;
INSERT INTO Operacoes (idOperacao , data , quantidade , unidade , designacao, idCultura, id)VALUES (57,TO_DATE('10/09/2018', 'dd/mm/yyyy')  ,4, 'm3' , null,25, 104  ) ;
INSERT INTO Operacoes (idOperacao , data , quantidade , unidade , designacao, idCultura, id)VALUES (58,TO_DATE('17/11/2018', 'dd/mm/yyyy')  ,30, 'un' , null,11, 102  ) ;
INSERT INTO Operacoes (idOperacao , data , quantidade , unidade , designacao, idCultura, id)VALUES (59,TO_DATE('17/11/2018', 'dd/mm/yyyy')  ,20, 'un' , null,12, 102  ) ;
INSERT INTO Operacoes (idOperacao , data , quantidade , unidade , designacao, idCultura, id)VALUES (60,TO_DATE('10/12/2018' , 'dd/mm/yyyy') ,30, 'un' , null,25, 104  ) ;
INSERT INTO Operacoes (idOperacao , data , quantidade , unidade , designacao, idCultura, id)VALUES (61,TO_DATE('16/12/2018', 'dd/mm/yyyy')  ,500, 'un' , null,26, 107  ) ;
INSERT INTO Operacoes (idOperacao , data , quantidade , unidade , designacao, idCultura, id)VALUES (62,TO_DATE('18/12/2018' , 'dd/mm/yyyy') ,700, 'un' , null,27, 107  ) ;
INSERT INTO Operacoes (idOperacao , data , quantidade , unidade , designacao, idCultura, id)VALUES (63,TO_DATE('07/01/2019' , 'dd/mm/yyyy') ,90, 'un' , null,22, 104  ) ;
INSERT INTO Operacoes (idOperacao , data , quantidade , unidade , designacao, idCultura, id)VALUES (64,TO_DATE('08/01/2019' , 'dd/mm/yyyy') ,60, 'un' , null,23, 104  ) ;
INSERT INTO Operacoes (idOperacao , data , quantidade , unidade , designacao, idCultura, id)VALUES (65,TO_DATE('08/01/2019' , 'dd/mm/yyyy') ,40, 'un' , null,24, 104  ) ;
INSERT INTO Operacoes (idOperacao , data , quantidade , unidade , designacao, idCultura, id)VALUES (66,TO_DATE('20/01/2019', 'dd/mm/yyyy')  ,2, 'kg' , 'Calda Bordalesa ASCENZA',26, 107  ) ;
INSERT INTO Operacoes (idOperacao , data , quantidade , unidade , designacao, idCultura, id)VALUES (67,TO_DATE('20/01/2019' , 'dd/mm/yyyy') ,  2.5 , 'kg' , 'Calda Bordalesa ASCENZA',27, 107  ) ;
INSERT INTO Operacoes (idOperacao , data , quantidade , unidade , designacao, idCultura, id)VALUES (68,TO_DATE('06/02/2019' , 'dd/mm/yyyy') ,10, 'kg' , 'ESTA Kieserit',22, 104  ) ;
INSERT INTO Operacoes (idOperacao , data , quantidade , unidade , designacao, idCultura, id)VALUES (69,TO_DATE('06/02/2019' , 'dd/mm/yyyy') ,5, 'kg' , 'ESTA Kieserit',23, 104  ) ;
INSERT INTO Operacoes (idOperacao , data , quantidade , unidade , designacao, idCultura, id)VALUES (70,TO_DATE('06/02/2019' , 'dd/mm/yyyy') ,7, 'kg' , 'ESTA Kieserit',24, 104  ) ;
INSERT INTO Operacoes (idOperacao , data , quantidade , unidade , designacao, idCultura, id)VALUES (71,TO_DATE('03/07/2019', 'dd/mm/yyyy')  ,1, 'm3' , null,12, 102  ) ;
INSERT INTO Operacoes (idOperacao , data , quantidade , unidade , designacao, idCultura, id)VALUES (72,TO_DATE('03/07/2019' , 'dd/mm/yyyy') ,  1.5 , 'm3' , null,11, 102  ) ;
INSERT INTO Operacoes (idOperacao , data , quantidade , unidade , designacao, idCultura, id)VALUES (73,TO_DATE('03/07/2019' , 'dd/mm/yyyy') ,4, 'm3' , null,22, 104  ) ;
INSERT INTO Operacoes (idOperacao , data , quantidade , unidade , designacao, idCultura, id)VALUES (74,TO_DATE('03/07/2019' , 'dd/mm/yyyy') ,4, 'm3' , null,23, 104  ) ;
INSERT INTO Operacoes (idOperacao , data , quantidade , unidade , designacao, idCultura, id)VALUES (75,TO_DATE('03/07/2019' , 'dd/mm/yyyy') ,4, 'm3' , null,24, 104  ) ;
INSERT INTO Operacoes (idOperacao , data , quantidade , unidade , designacao, idCultura, id)VALUES (76,TO_DATE('03/07/2019' , 'dd/mm/yyyy') ,4, 'm3' , null,25, 104  ) ;
INSERT INTO Operacoes (idOperacao , data , quantidade , unidade , designacao, idCultura, id)VALUES (77,TO_DATE('10/07/2019' , 'dd/mm/yyyy') ,6, 'm3' , null,26, 107  ) ;
INSERT INTO Operacoes (idOperacao , data , quantidade , unidade , designacao, idCultura, id)VALUES (78,TO_DATE('10/07/2019' , 'dd/mm/yyyy') ,6, 'm3' , null,27, 107  ) ;
INSERT INTO Operacoes (idOperacao , data , quantidade , unidade , designacao, idCultura, id)VALUES (79,TO_DATE('10/08/2019' , 'dd/mm/yyyy') ,1, 'm3' , null,12, 102  ) ;
INSERT INTO Operacoes (idOperacao , data , quantidade , unidade , designacao, idCultura, id)VALUES (80,TO_DATE('10/08/2019' , 'dd/mm/yyyy') ,  1.5 , 'm3' , null,11, 102 ) ;
INSERT INTO Operacoes (idOperacao , data , quantidade , unidade , designacao, idCultura, id)VALUES (81,TO_DATE('10/08/2019' , 'dd/mm/yyyy') ,  4.5 , 'm3' , null,22, 104  ) ;
INSERT INTO Operacoes (idOperacao , data , quantidade , unidade , designacao, idCultura, id)VALUES (82,TO_DATE('10/08/2019' , 'dd/mm/yyyy') ,  4.5 , 'm3' , null,23, 104  ) ;
INSERT INTO Operacoes (idOperacao , data , quantidade , unidade , designacao, idCultura, id)VALUES (83,TO_DATE('10/08/2019' , 'dd/mm/yyyy') ,  4.5 , 'm3' , null,24, 104  ) ;
INSERT INTO Operacoes (idOperacao , data , quantidade , unidade , designacao, idCultura, id)VALUES (84,TO_DATE('10/08/2019' , 'dd/mm/yyyy') ,  4.5 , 'm3' , null,25, 104  ) ;
INSERT INTO Operacoes (idOperacao , data , quantidade , unidade , designacao, idCultura, id)VALUES (85,TO_DATE('11/08/2019' , 'dd/mm/yyyy') ,7, 'm3' , null,26, 107  ) ;
INSERT INTO Operacoes (idOperacao , data , quantidade , unidade , designacao, idCultura, id)VALUES (86,TO_DATE('11/08/2019' , 'dd/mm/yyyy') ,7, 'm3' , null,27, 107  ) ;
INSERT INTO Operacoes (idOperacao , data , quantidade , unidade , designacao, idCultura, id)VALUES (87,TO_DATE('15/11/2019' , 'dd/mm/yyyy') ,30, 'un' , null,12, 102  ) ;
INSERT INTO Operacoes (idOperacao , data , quantidade , unidade , designacao, idCultura, id)VALUES (88,TO_DATE('15/11/2019' , 'dd/mm/yyyy') ,20, 'un' , null,11, 102  ) ;
INSERT INTO Operacoes (idOperacao , data , quantidade , unidade , designacao, idCultura, id)VALUES (89,TO_DATE('16/12/2019'  , 'dd/mm/yyyy'),500, 'un' , null,26, 107  ) ;
INSERT INTO Operacoes (idOperacao , data , quantidade , unidade , designacao, idCultura, id)VALUES (90,TO_DATE('18/12/2019' , 'dd/mm/yyyy') ,700, 'un' , null,27, 107  ) ;
INSERT INTO Operacoes (idOperacao , data , quantidade , unidade , designacao, idCultura, id)VALUES (91,TO_DATE('20/01/2020' , 'dd/mm/yyyy') ,2, 'kg' , 'Calda Bordalesa ASCENZA',26, 107  ) ;
INSERT INTO Operacoes (idOperacao , data , quantidade , unidade , designacao, idCultura, id)VALUES (92,TO_DATE('20/01/2020', 'dd/mm/yyyy')  ,  2.5 , 'kg' , 'Calda Bordalesa ASCENZA',27, 107  ) ;
INSERT INTO Operacoes (idOperacao , data , quantidade , unidade , designacao, idCultura, id)VALUES (93,TO_DATE('12/03/2020'  , 'dd/mm/yyyy'),  0.9 , 'kg' , null,13, 106  ) ;
--INSERT INTO Operacoes (idOperacao , data , quantidade , unidade , designacao, idCultura, id)VALUES (94, TO_DATE('30/03/2020' , 'dd/mm/yyyy') ,600, 'kg' , 'Biocal Composto' , null, 103 ) ;
INSERT INTO Operacoes (idOperacao , data , quantidade , unidade , designacao, idCultura, id)VALUES (95,TO_DATE('05/04/2020' , 'dd/mm/yyyy') ,  1.2 , 'ha' , null,5, 103  ) ;
INSERT INTO Operacoes (idOperacao , data , quantidade , unidade , designacao, idCultura, id)VALUES (96, TO_DATE('05/05/2020' , 'dd/mm/yyyy') ,2200, 'kg' , null,13, 106  ) ;
INSERT INTO Operacoes (idOperacao , data , quantidade , unidade , designacao, idCultura, id)VALUES (97, TO_DATE('15/05/2020' , 'dd/mm/yyyy') ,1400, 'kg' , null,13, 106  ) ;
INSERT INTO Operacoes (idOperacao , data , quantidade , unidade , designacao, idCultura, id)VALUES (98,TO_DATE('02/06/2020' , 'dd/mm/yyyy') ,  0.6 , 'kg' , null,14, 106  ) ;
INSERT INTO Operacoes (idOperacao , data , quantidade , unidade , designacao, idCultura, id)VALUES (99,TO_DATE('03/07/2020' , 'dd/mm/yyyy') ,1, 'm3' , null,12, 102  ) ;
INSERT INTO Operacoes (idOperacao , data , quantidade , unidade , designacao, idCultura, id)VALUES (100,TO_DATE('03/07/2020' , 'dd/mm/yyyy') ,  1.5 , 'm3' , null,11, 102  ) ;
INSERT INTO Operacoes (idOperacao , data , quantidade , unidade , designacao, idCultura, id)VALUES (101,TO_DATE('10/07/2020'  , 'dd/mm/yyyy'),6, 'm3' , null,26, 107  ) ;
INSERT INTO Operacoes (idOperacao , data , quantidade , unidade , designacao, idCultura, id)VALUES (102,TO_DATE('10/07/2020'  , 'dd/mm/yyyy'),6, 'm3' , null,27, 107  ) ;
INSERT INTO Operacoes (idOperacao , data , quantidade , unidade , designacao, idCultura, id)VALUES (103,TO_DATE('12/07/2020' , 'dd/mm/yyyy') ,15, 'm3' , null,5,103  ) ;
INSERT INTO Operacoes (idOperacao , data , quantidade , unidade , designacao, idCultura, id)VALUES (104,TO_DATE('15/07/2020' , 'dd/mm/yyyy') ,  2.5 , 'm3' , null,14, 106  ) ;
INSERT INTO Operacoes (idOperacao , data , quantidade , unidade , designacao, idCultura, id)VALUES (105,TO_DATE('28/07/2020' , 'dd/mm/yyyy') ,15, 'm3' , null,5, 103  ) ;
INSERT INTO Operacoes (idOperacao , data , quantidade , unidade , designacao, idCultura, id)VALUES (106,TO_DATE('10/08/2020' , 'dd/mm/yyyy') ,1, 'm3' , null,12, 102  ) ;
INSERT INTO Operacoes (idOperacao , data , quantidade , unidade , designacao, idCultura, id)VALUES (107,TO_DATE('10/08/2020' , 'dd/mm/yyyy') ,  1.5 , 'm3' , null,11, 102  ) ;
INSERT INTO Operacoes (idOperacao , data , quantidade , unidade , designacao, idCultura, id)VALUES (108,TO_DATE('10/08/2020' , 'dd/mm/yyyy') ,15, 'm3' , null,5, 103  ) ;
INSERT INTO Operacoes (idOperacao , data , quantidade , unidade , designacao, idCultura, id)VALUES (109,TO_DATE('11/08/2020' , 'dd/mm/yyyy') ,7, 'm3' , null,26, 107  ) ;
INSERT INTO Operacoes (idOperacao , data , quantidade , unidade , designacao, idCultura, id)VALUES (110,TO_DATE('11/08/2020' , 'dd/mm/yyyy') ,7, 'm3' , null,27, 107  ) ;
INSERT INTO Operacoes (idOperacao , data , quantidade , unidade , designacao, idCultura, id)VALUES (111,TO_DATE('12/08/2020' , 'dd/mm/yyyy') ,  3.5 , 'm3' , null,14, 106  ) ;
INSERT INTO Operacoes (idOperacao , data , quantidade , unidade , designacao, idCultura, id)VALUES (112, TO_DATE('20/08/2020' , 'dd/mm/yyyy') ,3300, 'kg' , null,5, 103  ) ;
INSERT INTO Operacoes (idOperacao , data , quantidade , unidade , designacao, idCultura, id)VALUES (113, TO_DATE('28/08/2020' , 'dd/mm/yyyy') ,600, 'kg' , null,14, 106  ) ;
INSERT INTO Operacoes (idOperacao , data , quantidade , unidade , designacao, idCultura, id)VALUES (114,TO_DATE('07/09/2020'  , 'dd/mm/yyyy'),1800, 'kg' , null,14, 106  ) ;
INSERT INTO Operacoes (idOperacao , data , quantidade , unidade , designacao, idCultura, id)VALUES (115,TO_DATE('20/09/2020'  , 'dd/mm/yyyy'),  0.6 , 'kg' , null,15, 106  ) ;
INSERT INTO Operacoes (idOperacao , data , quantidade , unidade , designacao, idCultura, id)VALUES (116,TO_DATE('10/10/2020'  , 'dd/mm/yyyy'),36, 'kg' , null,1, 101  ) ;
INSERT INTO Operacoes (idOperacao , data , quantidade , unidade , designacao, idCultura, id)VALUES (117,TO_DATE('12/10/2020' , 'dd/mm/yyyy') ,  1.3 , 'ha' , null,6, 103  ) ;
INSERT INTO Operacoes (idOperacao , data , quantidade , unidade , designacao, idCultura, id)VALUES (118,TO_DATE('10/11/2020' , 'dd/mm/yyyy') ,30, 'un' , null,11, 102  ) ;
INSERT INTO Operacoes (idOperacao , data , quantidade , unidade , designacao, idCultura, id)VALUES (119,TO_DATE('10/11/2020' , 'dd/mm/yyyy') ,20, 'un' , null,12, 102  ) ;
INSERT INTO Operacoes (idOperacao , data , quantidade , unidade , designacao, idCultura, id)VALUES (120, TO_DATE('15/11/2020' , 'dd/mm/yyyy') ,600, 'kg' , null,15, 106  ) ;
INSERT INTO Operacoes (idOperacao , data , quantidade , unidade , designacao, idCultura, id)VALUES (121,TO_DATE('05/12/2020'  , 'dd/mm/yyyy'),70, 'un' , null,25, 104  ) ;
INSERT INTO Operacoes (idOperacao , data , quantidade , unidade , designacao, idCultura, id)VALUES (122,TO_DATE('05/12/2020' , 'dd/mm/yyyy') ,50, 'un' , null,22, 104  ) ;
INSERT INTO Operacoes (idOperacao , data , quantidade , unidade , designacao, idCultura, id)VALUES (123,TO_DATE('10/12/2020'  , 'dd/mm/yyyy'),10, 'kg' , 'Patentkali',11, 102  ) ;
INSERT INTO Operacoes (idOperacao , data , quantidade , unidade , designacao, idCultura, id)VALUES (124,TO_DATE('10/12/2020'  , 'dd/mm/yyyy'),7, 'kg' , 'Patentkali',12, 102  ) ;
INSERT INTO Operacoes (idOperacao , data , quantidade , unidade , designacao, idCultura, id)VALUES (125,TO_DATE('15/12/2020' , 'dd/mm/yyyy') ,40, 'un' , null,22, 104  ) ;
INSERT INTO Operacoes (idOperacao , data , quantidade , unidade , designacao, idCultura, id)VALUES (126,TO_DATE('15/12/2020' , 'dd/mm/yyyy') ,60, 'un' , null,23, 104  ) ;
INSERT INTO Operacoes (idOperacao , data , quantidade , unidade , designacao, idCultura, id)VALUES (127,TO_DATE('16/12/2020' , 'dd/mm/yyyy') ,500, 'un' , null,26, 107  ) ;
INSERT INTO Operacoes (idOperacao , data , quantidade , unidade , designacao, idCultura, id)VALUES (128, TO_DATE('18/12/2020', 'dd/mm/yyyy')  ,2500, 'kg' , null,15, 106  ) ;
INSERT INTO Operacoes (idOperacao , data , quantidade , unidade , designacao, idCultura, id)VALUES (129,TO_DATE('18/12/2020', 'dd/mm/yyyy')  ,700, 'un' , null,27, 107  ) ;
INSERT INTO Operacoes (idOperacao , data , quantidade , unidade , designacao, idCultura, id)VALUES (130, TO_DATE('04/01/2021'  , 'dd/mm/yyyy'),2900, 'kg' , null,15, 106  ) ;
INSERT INTO Operacoes (idOperacao , data , quantidade , unidade , designacao, idCultura, id)VALUES (131,TO_DATE('20/01/2021' , 'dd/mm/yyyy') ,2, 'kg' , 'Calda Bordalesa ASCENZA',26, 107  ) ;
INSERT INTO Operacoes (idOperacao , data , quantidade , unidade , designacao, idCultura, id)VALUES (132,TO_DATE('20/01/2021' , 'dd/mm/yyyy') ,  2.5 , 'kg' , 'Calda Bordalesa ASCENZA',27, 107  ) ;
INSERT INTO Operacoes (idOperacao , data , quantidade , unidade , designacao, idCultura, id)VALUES (133,TO_DATE('10/03/2021', 'dd/mm/yyyy')  ,  0.9 , 'kg' , null,16, 106  ) ;
INSERT INTO Operacoes (idOperacao , data , quantidade , unidade , designacao, idCultura, id)VALUES (134,TO_DATE('14/03/2021', 'dd/mm/yyyy')  ,  1.3 , 'ha' , null,6, 103  ) ;
INSERT INTO Operacoes (idOperacao , data , quantidade , unidade , designacao, idCultura, id)VALUES (135,TO_DATE('30/03/2021' , 'dd/mm/yyyy') ,  1.3 , 'ha' , null,1, 101  ) ;
INSERT INTO Operacoes (idOperacao , data , quantidade , unidade , designacao, idCultura, id)VALUES (136,TO_DATE('03/04/2021' , 'dd/mm/yyyy') ,  1.2 , 'ha' , null,7, 103  ) ;
INSERT INTO Operacoes (idOperacao , data , quantidade , unidade , designacao, idCultura, id)VALUES (137,TO_DATE('15/04/2021' , 'dd/mm/yyyy') ,30, 'kg' , null,2, 101  ) ;
INSERT INTO Operacoes (idOperacao , data , quantidade , unidade , designacao, idCultura, id)VALUES (138,TO_DATE('02/05/2021' , 'dd/mm/yyyy') ,10, 'kg' , 'EPSO Microtop',22, 104  ) ;
INSERT INTO Operacoes (idOperacao , data , quantidade , unidade , designacao, idCultura, id)VALUES (139,TO_DATE('02/05/2021' , 'dd/mm/yyyy') ,10, 'kg' , 'EPSO Microtop',23, 104  ) ;
INSERT INTO Operacoes (idOperacao , data , quantidade , unidade , designacao, idCultura, id)VALUES (140,TO_DATE('02/05/2021' , 'dd/mm/yyyy') ,10, 'kg' , 'EPSO Microtop',24, 104  ) ;
INSERT INTO Operacoes (idOperacao , data , quantidade , unidade , designacao, idCultura, id)VALUES (141,TO_DATE('02/05/2021' , 'dd/mm/yyyy') ,10, 'kg' , 'EPSO Microtop',25, 104  ) ;
INSERT INTO Operacoes (idOperacao , data , quantidade , unidade , designacao, idCultura, id)VALUES (142, TO_DATE('05/05/2021' , 'dd/mm/yyyy') ,2200, 'kg' , null,16, 106  ) ;
INSERT INTO Operacoes (idOperacao , data , quantidade , unidade , designacao, idCultura, id)VALUES (143, TO_DATE('15/05/2021' , 'dd/mm/yyyy') ,1400, 'kg' , null,16, 106  ) ;
INSERT INTO Operacoes (idOperacao , data , quantidade , unidade , designacao, idCultura, id)VALUES (144,TO_DATE('02/06/2021' , 'dd/mm/yyyy') ,  0.6 , 'kg' , null,17, 106  ) ;
INSERT INTO Operacoes (idOperacao , data , quantidade , unidade , designacao, idCultura, id)VALUES (145,TO_DATE('20/06/2021' , 'dd/mm/yyyy') ,3, 'm3' , null,17, 106  ) ;
INSERT INTO Operacoes (idOperacao , data , quantidade , unidade , designacao, idCultura, id)VALUES (146,TO_DATE('03/07/2021' , 'dd/mm/yyyy') ,  0.8 , 'm3' , null,12, 102  ) ;
INSERT INTO Operacoes (idOperacao , data , quantidade , unidade , designacao, idCultura, id)VALUES (147,TO_DATE('03/07/2021' , 'dd/mm/yyyy') ,  1.5 , 'm3' , null,11, 102  ) ;
INSERT INTO Operacoes (idOperacao , data , quantidade , unidade , designacao, idCultura, id)VALUES (148,TO_DATE('05/07/2021' , 'dd/mm/yyyy') ,5, 'm3' , null,22, 104  ) ;
INSERT INTO Operacoes (idOperacao , data , quantidade , unidade , designacao, idCultura, id)VALUES (149,TO_DATE('05/07/2021' , 'dd/mm/yyyy') ,5, 'm3' , null,23, 104  ) ;
INSERT INTO Operacoes (idOperacao , data , quantidade , unidade , designacao, idCultura, id)VALUES (150,TO_DATE('05/07/2021' , 'dd/mm/yyyy') ,5, 'm3' , null,24, 104  ) ;
INSERT INTO Operacoes (idOperacao , data , quantidade , unidade , designacao, idCultura, id)VALUES (151,TO_DATE('05/07/2021' , 'dd/mm/yyyy') ,5, 'm3' , null,25, 104  ) ;
INSERT INTO Operacoes (idOperacao , data , quantidade , unidade , designacao, idCultura, id)VALUES (152,TO_DATE('07/07/2021' , 'dd/mm/yyyy') ,3, 'm3' , null,17, 106  ) ;
INSERT INTO Operacoes (idOperacao , data , quantidade , unidade , designacao, idCultura, id)VALUES (153,TO_DATE('10/07/2021' , 'dd/mm/yyyy') ,7, 'm3' , null,26, 107  ) ;
INSERT INTO Operacoes (idOperacao , data , quantidade , unidade , designacao, idCultura, id)VALUES (154,TO_DATE('10/07/2021' , 'dd/mm/yyyy') ,7, 'm3' , null,27, 107  ) ;
INSERT INTO Operacoes (idOperacao , data , quantidade , unidade , designacao, idCultura, id)VALUES (155,TO_DATE('12/07/2021' , 'dd/mm/yyyy') ,15, 'm3' , null,7, 103  ) ;
INSERT INTO Operacoes (idOperacao , data , quantidade , unidade , designacao, idCultura, id)VALUES (156, TO_DATE('15/07/2021' , 'dd/mm/yyyy') ,300, 'kg' , null,26, 107  ) ;
INSERT INTO Operacoes (idOperacao , data , quantidade , unidade , designacao, idCultura, id)VALUES (157, TO_DATE('20/07/2021', 'dd/mm/yyyy')  ,400, 'kg' , null ,26, 107 ) ;
INSERT INTO Operacoes (idOperacao , data , quantidade , unidade , designacao, idCultura, id)VALUES (158,TO_DATE('24/07/2021' , 'dd/mm/yyyy') ,15, 'm3' , null,7, 103  ) ;
INSERT INTO Operacoes (idOperacao , data , quantidade , unidade , designacao, idCultura, id)VALUES (159,TO_DATE('30/07/2021' , 'dd/mm/yyyy') ,  5.5 , 'm3' , null,22, 104  ) ;
INSERT INTO Operacoes (idOperacao , data , quantidade , unidade , designacao, idCultura, id)VALUES (160,TO_DATE('30/07/2021' , 'dd/mm/yyyy') ,  5.5 , 'm3' , null,23, 104  ) ;
INSERT INTO Operacoes (idOperacao , data , quantidade , unidade , designacao, idCultura, id)VALUES (161,TO_DATE('30/07/2021' , 'dd/mm/yyyy') ,  5.5 , 'm3' , null,24, 104  ) ;
INSERT INTO Operacoes (idOperacao , data , quantidade , unidade , designacao, idCultura, id)VALUES (162,TO_DATE('30/07/2021' , 'dd/mm/yyyy') ,  5.5 , 'm3' , null,25, 104  ) ;
INSERT INTO Operacoes (idOperacao , data , quantidade , unidade , designacao, idCultura, id)VALUES (163,TO_DATE('30/07/2021' , 'dd/mm/yyyy') ,  3.5 , 'm3' , null,17, 106  ) ;
INSERT INTO Operacoes (idOperacao , data , quantidade , unidade , designacao, idCultura, id)VALUES (164,TO_DATE('07/08/2021' , 'dd/mm/yyyy') ,15, 'm3' , null,7, 103  ) ;
INSERT INTO Operacoes (idOperacao , data , quantidade , unidade , designacao, idCultura, id)VALUES (165,TO_DATE('10/08/2021' , 'dd/mm/yyyy') ,  0.8 , 'm3' , null,12, 102  ) ;
INSERT INTO Operacoes (idOperacao , data , quantidade , unidade , designacao, idCultura, id)VALUES (166,TO_DATE('10/08/2021' , 'dd/mm/yyyy') ,  1.5 , 'm3' , null,11, 102  ) ;
INSERT INTO Operacoes (idOperacao , data , quantidade , unidade , designacao, idCultura, id)VALUES (167, TO_DATE('12/08/2021' , 'dd/mm/yyyy') ,3300, 'kg' , null,2, 101  ) ;
INSERT INTO Operacoes (idOperacao , data , quantidade , unidade , designacao, idCultura, id)VALUES (168,TO_DATE('17/08/2021' , 'dd/mm/yyyy') ,3, 'm3' , null,17, 106  ) ;
INSERT INTO Operacoes (idOperacao , data , quantidade , unidade , designacao, idCultura, id)VALUES (169, TO_DATE('24/08/2021' , 'dd/mm/yyyy') ,900, 'kg' , null,24, 104  ) ;
INSERT INTO Operacoes (idOperacao , data , quantidade , unidade , designacao, idCultura, id)VALUES (170, TO_DATE('25/08/2021' , 'dd/mm/yyyy') ,3300, 'kg' , null,7, 103  ) ;
INSERT INTO Operacoes (idOperacao , data , quantidade , unidade , designacao, idCultura, id)VALUES (171, TO_DATE('28/08/2021' , 'dd/mm/yyyy') ,600, 'kg' , null,17, 106  ) ;
INSERT INTO Operacoes (idOperacao , data , quantidade , unidade , designacao, idCultura, id)VALUES (172, TO_DATE('05/09/2021' , 'dd/mm/yyyy') ,800, 'kg' , null,22, 104  ) ;
INSERT INTO Operacoes (idOperacao , data , quantidade , unidade , designacao, idCultura, id)VALUES (173, TO_DATE('07/09/2021' , 'dd/mm/yyyy') ,1800, 'kg' , null,17, 106  ) ;
INSERT INTO Operacoes (idOperacao , data , quantidade , unidade , designacao, idCultura, id)VALUES (174, TO_DATE('12/09/2021' , 'dd/mm/yyyy') ,800, 'kg' , null,22, 104  ) ;
INSERT INTO Operacoes (idOperacao , data , quantidade , unidade , designacao, idCultura, id)VALUES (175,TO_DATE('20/09/2021'  , 'dd/mm/yyyy'),  0.6 , 'kg' , null,18, 106  ) ;
INSERT INTO Operacoes (idOperacao , data , quantidade , unidade , designacao, idCultura, id)VALUES (176, TO_DATE('23/09/2021' , 'dd/mm/yyyy') ,1200, 'kg' , null,22, 104  ) ;
INSERT INTO Operacoes (idOperacao , data , quantidade , unidade , designacao, idCultura, id)VALUES (177,TO_DATE('03/10/2021' , 'dd/mm/yyyy') ,36, null , null,3, 101  ) ;
INSERT INTO Operacoes (idOperacao , data , quantidade , unidade , designacao, idCultura, id)VALUES (178,TO_DATE('06/10/2021' , 'dd/mm/yyyy') ,  1.3 , 'ha' , null,8, 103  ) ;
INSERT INTO Operacoes (idOperacao , data , quantidade , unidade , designacao, idCultura, id)VALUES (179, TO_DATE('12/10/2021' , 'dd/mm/yyyy') ,950, 'kg' , null,23, 104  ) ;
INSERT INTO Operacoes (idOperacao , data , quantidade , unidade , designacao, idCultura, id)VALUES (180, TO_DATE('03/11/2021', 'dd/mm/yyyy')  ,750, 'kg' , null,23, 104  ) ;
INSERT INTO Operacoes (idOperacao , data , quantidade , unidade , designacao, idCultura, id)VALUES (181, TO_DATE('10/11/2021'  , 'dd/mm/yyyy'),210, 'kg' , null,11, 102  ) ;
INSERT INTO Operacoes (idOperacao , data , quantidade , unidade , designacao, idCultura, id)VALUES (182, TO_DATE('10/11/2021' , 'dd/mm/yyyy') ,120, 'kg' , null,12, 102  ) ;
INSERT INTO Operacoes (idOperacao , data , quantidade , unidade , designacao, idCultura, id)VALUES (183, TO_DATE('15/11/2021' , 'dd/mm/yyyy') ,600, 'kg' , null,18, 106  ) ;
INSERT INTO Operacoes (idOperacao , data , quantidade , unidade , designacao, idCultura, id)VALUES (184,TO_DATE('17/11/2021' , 'dd/mm/yyyy') ,30, 'un' , null,11, 102  ) ;
INSERT INTO Operacoes (idOperacao , data , quantidade , unidade , designacao, idCultura, id)VALUES (185,TO_DATE('17/11/2021' , 'dd/mm/yyyy') ,20, 'un' , null,12, 102  ) ;
INSERT INTO Operacoes (idOperacao , data , quantidade , unidade , designacao, idCultura, id)VALUES (186,TO_DATE('28/11/2021' , 'dd/mm/yyyy') ,70, 'un' , null,24, 104  ) ;
INSERT INTO Operacoes (idOperacao , data , quantidade , unidade , designacao, idCultura, id)VALUES (187,TO_DATE('03/12/2021' , 'dd/mm/yyyy') ,90, 'un' , null,22, 104  ) ;
INSERT INTO Operacoes (idOperacao , data , quantidade , unidade , designacao, idCultura, id)VALUES (188,TO_DATE('16/12/2021' , 'dd/mm/yyyy') ,500, 'un' , null,26, 107 ) ;
INSERT INTO Operacoes (idOperacao , data , quantidade , unidade , designacao, idCultura, id)VALUES (189,TO_DATE('18/12/2021' , 'dd/mm/yyyy') ,60, 'un' , null,23, 104  ) ;
INSERT INTO Operacoes (idOperacao , data , quantidade , unidade , designacao, idCultura, id)VALUES (190,  TO_DATE('18/12/2021' , 'dd/mm/yyyy') ,2500, 'kg' , null,18, 106  ) ;
INSERT INTO Operacoes (idOperacao , data , quantidade , unidade , designacao, idCultura, id)VALUES (191, TO_DATE('18/12/2021' , 'dd/mm/yyyy') ,700, 'un' , null,27, 107  ) ;
INSERT INTO Operacoes (idOperacao , data , quantidade , unidade , designacao, idCultura, id)VALUES (192, TO_DATE('04/01/2022' , 'dd/mm/yyyy') ,2900, 'kg' , null,18, 106  ) ;
INSERT INTO Operacoes (idOperacao , data , quantidade , unidade , designacao, idCultura, id)VALUES (193,TO_DATE('20/01/2022' , 'dd/mm/yyyy') ,3, 'kg' , 'Calda Bordalesa ASCENZA',26, 107  ) ;
INSERT INTO Operacoes (idOperacao , data , quantidade , unidade , designacao, idCultura, id)VALUES (194,TO_DATE('20/01/2022' , 'dd/mm/yyyy') ,  3.5 , 'kg' , 'Calda Bordalesa ASCENZA',27, 107  ) ;
INSERT INTO Operacoes (idOperacao , data , quantidade , unidade , designacao, idCultura, id)VALUES (195,TO_DATE('06/03/2022' , 'dd/mm/yyyy') ,  0.9 , 'kg' , null,19, 106  ) ;
INSERT INTO Operacoes (idOperacao , data , quantidade , unidade , designacao, idCultura, id)VALUES (196,TO_DATE('19/03/2022' , 'dd/mm/yyyy') ,  1.3 , 'ha' , null,8, 103  ) ;
INSERT INTO Operacoes (idOperacao , data , quantidade , unidade , designacao, idCultura, id)VALUES (197,TO_DATE('05/04/2022', 'dd/mm/yyyy')  ,  1.3 , 'ha' , null,3, 101  ) ;
INSERT INTO Operacoes (idOperacao , data , quantidade , unidade , designacao, idCultura, id)VALUES (198,TO_DATE('08/04/2022' , 'dd/mm/yyyy') ,  1.2 , 'ha' , null ,9, 103 ) ;
INSERT INTO Operacoes (idOperacao , data , quantidade , unidade , designacao, idCultura, id)VALUES (199,TO_DATE('15/04/2022' , 'dd/mm/yyyy') ,30, 'kg' , null,4, 101  ) ;
INSERT INTO Operacoes (idOperacao , data , quantidade , unidade , designacao, idCultura, id)VALUES (200, TO_DATE('05/05/2022' , 'dd/mm/yyyy') ,2250, 'kg' , null,19, 106  ) ;
INSERT INTO Operacoes (idOperacao , data , quantidade , unidade , designacao, idCultura, id)VALUES (201,TO_DATE('13/05/2022', 'dd/mm/yyyy')  ,10, 'kg' , 'EPSO Microtop',22,104  ) ;
INSERT INTO Operacoes (idOperacao , data , quantidade , unidade , designacao, idCultura, id)VALUES (202,TO_DATE('13/05/2022', 'dd/mm/yyyy')  ,10, 'kg' , 'EPSO Microtop',23,104  ) ;
INSERT INTO Operacoes (idOperacao , data , quantidade , unidade , designacao, idCultura, id)VALUES (203, TO_DATE('15/05/2022', 'dd/mm/yyyy') ,1300, 'kg' , null,19, 106  ) ;
INSERT INTO Operacoes (idOperacao , data , quantidade , unidade , designacao, idCultura, id)VALUES (204,TO_DATE('30/05/2022' , 'dd/mm/yyyy') ,  0.6 , 'kg' , null ,20, 106 ) ;
INSERT INTO Operacoes (idOperacao , data , quantidade , unidade , designacao, idCultura, id)VALUES (205,TO_DATE('05/06/2022' , 'dd/mm/yyyy') ,3, 'm3' , null,22, 104  ) ;
INSERT INTO Operacoes (idOperacao , data , quantidade , unidade , designacao, idCultura, id)VALUES (206,TO_DATE('05/06/2022' , 'dd/mm/yyyy') ,3, 'm3' , null,23, 104  ) ;
INSERT INTO Operacoes (idOperacao , data , quantidade , unidade , designacao, idCultura, id)VALUES (207,TO_DATE('30/06/2022' , 'dd/mm/yyyy') ,3, 'm3' , null,14, 106  ) ;
INSERT INTO Operacoes (idOperacao , data , quantidade , unidade , designacao, idCultura, id)VALUES (208,TO_DATE('02/07/2022'  , 'dd/mm/yyyy'),  5.5 , 'm3' , null,22, 104  ) ;
INSERT INTO Operacoes (idOperacao , data , quantidade , unidade , designacao, idCultura, id)VALUES (209,TO_DATE('02/07/2022'  , 'dd/mm/yyyy'),  5.5 , 'm3' , null,23, 104  ) ;
INSERT INTO Operacoes (idOperacao , data , quantidade , unidade , designacao, idCultura, id)VALUES (210,TO_DATE('02/07/2022'  , 'dd/mm/yyyy'),  5.5 , 'm3' , null,24, 104  ) ;
INSERT INTO Operacoes (idOperacao , data , quantidade , unidade , designacao, idCultura, id)VALUES (211,TO_DATE('02/07/2022'  , 'dd/mm/yyyy'),  5.5 , 'm3' , null,25, 104  ) ;
INSERT INTO Operacoes (idOperacao , data , quantidade , unidade , designacao, idCultura, id)VALUES (212,TO_DATE('03/07/2022'  , 'dd/mm/yyyy'),  0.8 , 'm3' , null,12, 102  ) ;
INSERT INTO Operacoes (idOperacao , data , quantidade , unidade , designacao, idCultura, id)VALUES (213,TO_DATE('03/07/2022' , 'dd/mm/yyyy') ,  1.5 , 'm3' , null,11, 102  ) ;
INSERT INTO Operacoes (idOperacao , data , quantidade , unidade , designacao, idCultura, id)VALUES (214,TO_DATE('10/07/2022' , 'dd/mm/yyyy') ,5, 'm3' , null,27, 107  ) ;
INSERT INTO Operacoes (idOperacao , data , quantidade , unidade , designacao, idCultura, id)VALUES (215,TO_DATE('12/07/2022' , 'dd/mm/yyyy') ,15, 'm3' , null,9, 103  ) ;
INSERT INTO Operacoes (idOperacao , data , quantidade , unidade , designacao, idCultura, id)VALUES (216,TO_DATE('15/07/2022' , 'dd/mm/yyyy') ,3, 'm3' , null,20, 106  ) ;
INSERT INTO Operacoes (idOperacao , data , quantidade , unidade , designacao, idCultura, id)VALUES (217, TO_DATE('15/07/2022' , 'dd/mm/yyyy') ,600, 'kg' , null,26,107  ) ;
INSERT INTO Operacoes (idOperacao , data , quantidade , unidade , designacao, idCultura, id)VALUES (218, TO_DATE('20/07/2022' , 'dd/mm/yyyy') ,500, 'kg' , null,26, 107  ) ;
INSERT INTO Operacoes (idOperacao , data , quantidade , unidade , designacao, idCultura, id)VALUES (219,TO_DATE('24/07/2022', 'dd/mm/yyyy') ,15, 'm3' , null,9, 103  ) ;
INSERT INTO Operacoes (idOperacao , data , quantidade , unidade , designacao, idCultura, id)VALUES (220,TO_DATE('30/07/2022' , 'dd/mm/yyyy') ,5, 'm3' , null,22, 104  ) ;
INSERT INTO Operacoes (idOperacao , data , quantidade , unidade , designacao, idCultura, id)VALUES (221,TO_DATE('30/07/2022' , 'dd/mm/yyyy') ,5, 'm3' , null,23, 104  ) ;
INSERT INTO Operacoes (idOperacao , data , quantidade , unidade , designacao, idCultura, id)VALUES (222,TO_DATE('30/07/2022' , 'dd/mm/yyyy') ,5, 'm3' , null,24, 104  ) ;
INSERT INTO Operacoes (idOperacao , data , quantidade , unidade , designacao, idCultura, id)VALUES (223,TO_DATE('30/07/2022' , 'dd/mm/yyyy') ,5, 'm3' , null,25, 104  ) ;
INSERT INTO Operacoes (idOperacao , data , quantidade , unidade , designacao, idCultura, id)VALUES (224,TO_DATE('30/07/2022' , 'dd/mm/yyyy') ,  2.5 , 'm3' , null,20, 106  ) ;
INSERT INTO Operacoes (idOperacao , data , quantidade , unidade , designacao, idCultura, id)VALUES (225,TO_DATE('07/08/2022' , 'dd/mm/yyyy') ,15, 'm3' , null,9, 103  ) ;
INSERT INTO Operacoes (idOperacao , data , quantidade , unidade , designacao, idCultura, id)VALUES (226,TO_DATE('10/08/2022' , 'dd/mm/yyyy') ,  0.8 , 'm3' , null,12, 102  ) ;
INSERT INTO Operacoes (idOperacao , data , quantidade , unidade , designacao, idCultura, id)VALUES (227,TO_DATE('10/08/2022' , 'dd/mm/yyyy') ,  1.5 , 'm3' , null,11, 102  ) ;
INSERT INTO Operacoes (idOperacao , data , quantidade , unidade , designacao, idCultura, id)VALUES (228, TO_DATE('12/08/2022' , 'dd/mm/yyyy') ,1200, 'kg' , null,27, 107  ) ;
INSERT INTO Operacoes (idOperacao , data , quantidade , unidade , designacao, idCultura, id)VALUES (229, TO_DATE('12/08/2022' , 'dd/mm/yyyy') ,600, 'kg' , null,27, 107  ) ;
INSERT INTO Operacoes (idOperacao , data , quantidade , unidade , designacao, idCultura, id)VALUES (230, TO_DATE('17/08/2022' , 'dd/mm/yyyy') ,3500, 'kg' , null,4, 101  ) ;
INSERT INTO Operacoes (idOperacao , data , quantidade , unidade , designacao, idCultura, id)VALUES (231,TO_DATE('17/08/2022' , 'dd/mm/yyyy') ,3, 'm3' , null,20 , 106  ) ;
INSERT INTO Operacoes (idOperacao , data , quantidade , unidade , designacao, idCultura, id)VALUES (232, TO_DATE('18/08/2022' , 'dd/mm/yyyy') ,3300, 'kg' , null,9, 103  ) ;
INSERT INTO Operacoes (idOperacao , data , quantidade , unidade , designacao, idCultura, id)VALUES (233, TO_DATE('20/08/2022' , 'dd/mm/yyyy') ,950, 'kg' , null,24, 104  ) ;
INSERT INTO Operacoes (idOperacao , data , quantidade , unidade , designacao, idCultura, id)VALUES (234, TO_DATE('24/08/2022' , 'dd/mm/yyyy') ,650, 'kg' , null,20, 106  ) ;
INSERT INTO Operacoes (idOperacao , data , quantidade , unidade , designacao, idCultura, id)VALUES (235, TO_DATE('05/09/2022', 'dd/mm/yyyy')  ,1900, 'kg' , null,20, 106  ) ;
INSERT INTO Operacoes (idOperacao , data , quantidade , unidade , designacao, idCultura, id)VALUES (236,  TO_DATE('07/09/2022' , 'dd/mm/yyyy') ,830, 'kg' , null,24, 104   ) ;
INSERT INTO Operacoes (idOperacao , data , quantidade , unidade , designacao, idCultura, id)VALUES (237, TO_DATE('11/09/2022' , 'dd/mm/yyyy') ,750, 'kg' , null,22, 104  ) ;
INSERT INTO Operacoes (idOperacao , data , quantidade , unidade , designacao, idCultura, id)VALUES (238, TO_DATE('20/09/2022' , 'dd/mm/yyyy') ,1150, 'kg' , null,22, 104  ) ;
INSERT INTO Operacoes (idOperacao , data , quantidade , unidade , designacao, idCultura, id)VALUES (239,TO_DATE('20/09/2022' , 'dd/mm/yyyy') ,  0.6 , 'kg' , null,21, 106  ) ;
INSERT INTO Operacoes (idOperacao , data , quantidade , unidade , designacao, idCultura, id)VALUES (240,TO_DATE('12/10/2022'  , 'dd/mm/yyyy'),  1.3 , 'ha' , null,10, 103  ) ;
INSERT INTO Operacoes (idOperacao , data , quantidade , unidade , designacao, idCultura, id)VALUES (241, TO_DATE('17/10/2022' , 'dd/mm/yyyy') ,850, 'kg' , null,23, 104  ) ;
INSERT INTO Operacoes (idOperacao , data , quantidade , unidade , designacao, idCultura, id)VALUES (242, TO_DATE('06/11/2022' , 'dd/mm/yyyy') ,900, 'kg' , null,23, 104  ) ;
INSERT INTO Operacoes (idOperacao , data , quantidade , unidade , designacao, idCultura, id)VALUES (243,TO_DATE('10/11/2022', 'dd/mm/yyyy')  ,30, 'un' , null,11,102  ) ;
INSERT INTO Operacoes (idOperacao , data , quantidade , unidade , designacao, idCultura, id)VALUES (244,TO_DATE('10/11/2022' , 'dd/mm/yyyy') ,20, 'un' , null,12, 102  ) ;
INSERT INTO Operacoes (idOperacao , data , quantidade , unidade , designacao, idCultura, id)VALUES (245, TO_DATE('12/11/2022' , 'dd/mm/yyyy') ,300, 'kg' , null,11, 102  ) ;
INSERT INTO Operacoes (idOperacao , data , quantidade , unidade , designacao, idCultura, id)VALUES (246, TO_DATE('12/11/2022' , 'dd/mm/yyyy') ,200, 'kg' , null,12, 102  ) ;
INSERT INTO Operacoes (idOperacao , data , quantidade , unidade , designacao, idCultura, id)VALUES (247, TO_DATE('15/11/2022' , 'dd/mm/yyyy') ,50, 'kg' , null,21, 106  ) ;
INSERT INTO Operacoes (idOperacao , data , quantidade , unidade , designacao, idCultura, id)VALUES (248,TO_DATE('04/12/2022', 'dd/mm/yyyy') ,70, 'un' , null,24, 104  ) ;
INSERT INTO Operacoes (idOperacao , data , quantidade , unidade , designacao, idCultura, id)VALUES (249,TO_DATE('07/12/2022' , 'dd/mm/yyyy') ,90, 'un' , null,22, 104  ) ;
INSERT INTO Operacoes (idOperacao , data , quantidade , unidade , designacao, idCultura, id)VALUES (250,TO_DATE('11/12/2022' , 'dd/mm/yyyy') ,15, 'kg' , 'Patentkali',11, 102  ) ;
INSERT INTO Operacoes (idOperacao , data , quantidade , unidade , designacao, idCultura, id)VALUES (251,TO_DATE('11/12/2022' , 'dd/mm/yyyy'),10, 'kg' , 'Patentkali',12, 102  ) ;
INSERT INTO Operacoes (idOperacao , data , quantidade , unidade , designacao, idCultura, id)VALUES (252,TO_DATE('16/12/2022'  , 'dd/mm/yyyy'),500, 'un' , null,26, 107  ) ;
INSERT INTO Operacoes (idOperacao , data , quantidade , unidade , designacao, idCultura, id)VALUES (253, TO_DATE('18/12/2022' , 'dd/mm/yyyy') ,200, 'kg' , null,21, 106  ) ;
INSERT INTO Operacoes (idOperacao , data , quantidade , unidade , designacao, idCultura, id)VALUES (254,TO_DATE('18/12/2022' , 'dd/mm/yyyy') ,700, 'un' , null,27, 107  ) ;
INSERT INTO Operacoes (idOperacao , data , quantidade , unidade , designacao, idCultura, id)VALUES (255,TO_DATE('12/01/2023' , 'dd/mm/yyyy') ,60, 'un' , null,23, 104  ) ;
INSERT INTO Operacoes (idOperacao , data , quantidade , unidade , designacao, idCultura, id)VALUES (256, TO_DATE('14/01/2023' , 'dd/mm/yyyy') ,250, 'kg' , null,21, 106  ) ;
INSERT INTO Operacoes (idOperacao , data , quantidade , unidade , designacao, idCultura, id)VALUES (257,TO_DATE('20/01/2023' , 'dd/mm/yyyy') ,4, 'kg' , 'Calda Bordalesa ASCENZA',26, 107  ) ;
INSERT INTO Operacoes (idOperacao , data , quantidade , unidade , designacao, idCultura, id)VALUES (258,TO_DATE('20/01/2023' , 'dd/mm/yyyy') ,5, 'kg' , 'Calda Bordalesa ASCENZA',27, 107  ) ;
INSERT INTO Operacoes (idOperacao , data , quantidade , unidade , designacao, idCultura, id)VALUES (259,TO_DATE('20/03/2023' , 'dd/mm/yyyy') ,  1.3 , 'ha' , null,10, 103  ) ;
INSERT INTO Operacoes (idOperacao , data , quantidade , unidade , designacao, idCultura, id)VALUES (260, TO_DATE('18/08/2023' , 'dd/mm/yyyy') ,700, 'kg' , null,24, 104  ) ;
INSERT INTO Operacoes (idOperacao , data , quantidade , unidade , designacao, idCultura, id)VALUES (261, TO_DATE('18/08/2023' , 'dd/mm/yyyy') ,700, 'kg' , null,25, 104  ) ;
INSERT INTO Operacoes (idOperacao , data , quantidade , unidade , designacao, idCultura, id)VALUES (262, TO_DATE('30/08/2023' , 'dd/mm/yyyy') ,900, 'kg' , null,24, 104  ) ;
INSERT INTO Operacoes (idOperacao , data , quantidade , unidade , designacao, idCultura, id)VALUES (263, TO_DATE('30/08/2023' , 'dd/mm/yyyy') ,900, 'kg' , null,25, 104  ) ;
INSERT INTO Operacoes (idOperacao , data , quantidade , unidade , designacao, idCultura, id)VALUES (264, TO_DATE('05/09/2023' , 'dd/mm/yyyy') ,900, 'kg' , null,22, 104  ) ;
INSERT INTO Operacoes (idOperacao , data , quantidade , unidade , designacao, idCultura, id)VALUES (265, TO_DATE('08/09/2023' , 'dd/mm/yyyy') ,1050, 'kg' , null,22, 104  ) ;
INSERT INTO Operacoes (idOperacao , data , quantidade , unidade , designacao, idCultura, id)VALUES (266, TO_DATE('28/09/2023' , 'dd/mm/yyyy') ,950, 'kg' , null,23, 104  ) ;
INSERT INTO Operacoes (idOperacao , data , quantidade , unidade , designacao, idCultura, id)VALUES (267, TO_DATE('03/10/2023' , 'dd/mm/yyyy') ,800, 'kg' , null,23, 104  ) ;
INSERT INTO Operacoes (idOperacao , data , quantidade , unidade , designacao, idCultura, id)VALUES (268,TO_DATE('09/01/2019' , 'dd/mm/yyyy') ,50, 'un' , null,29, 105  ) ;
INSERT INTO Operacoes (idOperacao , data , quantidade , unidade , designacao, idCultura, id)VALUES (269,TO_DATE('09/01/2019' , 'dd/mm/yyyy') ,20, 'un' , null,30, 105  ) ;
INSERT INTO Operacoes (idOperacao , data , quantidade , unidade , designacao, idCultura, id)VALUES (270,TO_DATE('10/01/2019' , 'dd/mm/yyyy') ,40, 'un' , null,28, 105  ) ;
INSERT INTO Operacoes (idOperacao , data , quantidade , unidade , designacao, idCultura, id)VALUES (271,TO_DATE('10/01/2019' , 'dd/mm/yyyy') ,30, 'un' , null,38, 105  ) ;
INSERT INTO Operacoes (idOperacao , data , quantidade , unidade , designacao, idCultura, id)VALUES (272,TO_DATE('11/01/2019' , 'dd/mm/yyyy') ,40, 'un' , null,39, 105  ) ;
INSERT INTO Operacoes (idOperacao , data , quantidade , unidade , designacao, idCultura, id)VALUES (273,TO_DATE('11/01/2019' , 'dd/mm/yyyy') ,50, 'un' , null,31, 105  ) ;
INSERT INTO Operacoes (idOperacao , data , quantidade , unidade , designacao, idCultura, id)VALUES (274, TO_DATE('15/09/2023' , 'dd/mm/yyyy') ,700, 'kg' , null,38, 105  ) ;
INSERT INTO Operacoes (idOperacao , data , quantidade , unidade , designacao, idCultura, id)VALUES (275, TO_DATE('16/09/2023' , 'dd/mm/yyyy') ,600, 'kg' , null,39, 105  ) ;
INSERT INTO Operacoes (idOperacao , data , quantidade , unidade , designacao, idCultura, id)VALUES (276, TO_DATE('20/09/2023' , 'dd/mm/yyyy') ,700, 'kg' , null,39, 105  ) ;
INSERT INTO Operacoes (idOperacao , data , quantidade , unidade , designacao, idCultura, id)VALUES (277, TO_DATE('27/09/2023' , 'dd/mm/yyyy') ,600, 'kg' , null,28, 105  ) ;
INSERT INTO Operacoes (idOperacao , data , quantidade , unidade , designacao, idCultura, id)VALUES (278, TO_DATE('05/10/2023' , 'dd/mm/yyyy') ,700, 'kg' , null,28, 105  ) ;
INSERT INTO Operacoes (idOperacao , data , quantidade , unidade , designacao, idCultura, id)VALUES (279, TO_DATE('15/10/2023' , 'dd/mm/yyyy') ,1200, 'kg' , null,31, 105  ) ;
INSERT INTO Operacoes (idOperacao , data , quantidade , unidade , designacao, idCultura, id)VALUES (280, TO_DATE('15/10/2023','dd/mm/yyyy') ,700, 'kg' , null,30, 105  ) ;
INSERT INTO Operacoes (idOperacao , data , quantidade , unidade , designacao, idCultura, id)VALUES (281, TO_DATE('12/11/2023','dd/mm/yyyy') ,700, 'kg' , null,29, 105  ) ;
INSERT INTO Operacoes (idOperacao , data , quantidade , unidade , designacao, idCultura, id)VALUES (282, TO_DATE('15/11/2023','dd/mm/yyyy') ,800, 'kg' , null,29, 105  ) ;
INSERT INTO Operacoes (idOperacao , data , quantidade , unidade , designacao, idCultura, id)VALUES (283,TO_DATE('12/10/2016' , 'dd/mm/yyyy') ,40, 'un' , null,32, 102  ) ;
INSERT INTO Operacoes (idOperacao , data , quantidade , unidade , designacao, idCultura, id)VALUES (284, TO_DATE('02/11/2023','dd/mm/yyyy') ,400, 'kg' , null,32, 102  ) ;
INSERT INTO Operacoes (idOperacao , data , quantidade , unidade , designacao, idCultura, id)VALUES (285, TO_DATE('05/11/2023','dd/mm/yyyy') ,300, 'kg' , null,12, 102  ) ;
INSERT INTO Operacoes (idOperacao , data , quantidade , unidade , designacao, idCultura, id)VALUES (286, TO_DATE('08/11/2023','dd/mm/yyyy') ,350, 'kg' , null,11, 102  ) ;
INSERT INTO Operacoes (idOperacao , data , quantidade , unidade , designacao, idCultura, id)VALUES (287, TO_DATE('05/04/2023','dd/mm/yyyy') ,  0.5 , 'kg' , null,33, 108  ) ;
INSERT INTO Operacoes (idOperacao , data , quantidade , unidade , designacao, idCultura, id)VALUES (288, TO_DATE('06/04/2023','dd/mm/yyyy') ,350, 'kg' , null,34, 108  ) ;
INSERT INTO Operacoes (idOperacao , data , quantidade , unidade , designacao, idCultura, id)VALUES (289, TO_DATE('08/05/2023','dd/mm/yyyy') ,  0.5 , 'ha' , null,33, 108  ) ;
INSERT INTO Operacoes (idOperacao , data , quantidade , unidade , designacao, idCultura, id)VALUES (290, TO_DATE('20/05/2023','dd/mm/yyyy') ,  0.6 , 'ha' , null,34, 108  ) ;
INSERT INTO Operacoes (idOperacao , data , quantidade , unidade , designacao, idCultura, id)VALUES (291, TO_DATE('14/06/2023','dd/mm/yyyy') ,1500, 'kg' , null,33, 108  ) ;
INSERT INTO Operacoes (idOperacao , data , quantidade , unidade , designacao, idCultura, id)VALUES (292, TO_DATE('20/06/2023','dd/mm/yyyy') ,  0.6 , 'ha' , null,34, 108  ) ;
INSERT INTO Operacoes (idOperacao , data , quantidade , unidade , designacao, idCultura, id)VALUES (293, TO_DATE('28/06/2023','dd/mm/yyyy') ,2500, 'kg' , null,33, 108  ) ;
INSERT INTO Operacoes (idOperacao , data , quantidade , unidade , designacao, idCultura, id)VALUES (294, TO_DATE('05/07/2023','dd/mm/yyyy') ,  1.2 , 'kg' , null,35, 108  ) ;
INSERT INTO Operacoes (idOperacao , data , quantidade , unidade , designacao, idCultura, id)VALUES (295, TO_DATE('08/08/2023','dd/mm/yyyy') ,  0.5 , 'ha' , null,35, 108  ) ;
INSERT INTO Operacoes (idOperacao , data , quantidade , unidade , designacao, idCultura, id)VALUES (296, TO_DATE('15/09/2023','dd/mm/yyyy') ,8000, 'kg' , null,34, 108  ) ;
INSERT INTO Operacoes (idOperacao , data , quantidade , unidade , designacao, idCultura, id)VALUES (297, TO_DATE('25/09/2023','dd/mm/yyyy') ,5000, 'kg' , null,34, 108  ) ;
INSERT INTO Operacoes (idOperacao , data , quantidade , unidade , designacao, idCultura, id)VALUES (298, TO_DATE('18/09/2023','dd/mm/yyyy') ,900, 'kg' , null,35, 108  ) ;
INSERT INTO Operacoes (idOperacao , data , quantidade , unidade , designacao, idCultura, id)VALUES (299, TO_DATE('22/09/2023','dd/mm/yyyy') ,1500, 'kg' , null,35, 108  ) ;
INSERT INTO Operacoes (idOperacao , data , quantidade , unidade , designacao, idCultura, id)VALUES (300, TO_DATE('05/10/2023','dd/mm/yyyy') ,1200, 'kg' , null,35, 108  ) ;
INSERT INTO Operacoes (idOperacao , data , quantidade , unidade , designacao, idCultura, id)VALUES (301, TO_DATE('12/10/2023','dd/mm/yyyy') ,32, 'kg' , null,36, 108  ) ;
INSERT INTO Operacoes (idOperacao , data , quantidade , unidade , designacao, idCultura, id)VALUES (302, TO_DATE('14/05/2023','dd/mm/yyyy') ,  null , null , null,22, 104  ) ;
INSERT INTO Operacoes (idOperacao , data , quantidade , unidade , designacao, idCultura, id)VALUES (303, TO_DATE('14/05/2023','dd/mm/yyyy') ,  null , null , null,23, 104  ) ;
INSERT INTO Operacoes (idOperacao , data , quantidade , unidade , designacao, idCultura, id)VALUES (304, TO_DATE('14/05/2023','dd/mm/yyyy') ,  null , null , null,24, 104  ) ;
INSERT INTO Operacoes (idOperacao , data , quantidade , unidade , designacao, idCultura, id)VALUES (305, TO_DATE('14/05/2023','dd/mm/yyyy') ,  null , null , null,25, 104  ) ;
INSERT INTO Operacoes (idOperacao , data , quantidade , unidade , designacao, idCultura, id)VALUES (306, TO_DATE('01/06/2023','dd/mm/yyyy') ,  null , null , null,22, 104  ) ;
INSERT INTO Operacoes (idOperacao , data , quantidade , unidade , designacao, idCultura, id)VALUES (307, TO_DATE('01/06/2023','dd/mm/yyyy') ,  null , null , null,23, 104  ) ;
INSERT INTO Operacoes (idOperacao , data , quantidade , unidade , designacao, idCultura, id)VALUES (308, TO_DATE('01/06/2023','dd/mm/yyyy') ,  null , null , null,24, 104  ) ;
INSERT INTO Operacoes (idOperacao , data , quantidade , unidade , designacao, idCultura, id)VALUES (309, TO_DATE('01/06/2023','dd/mm/yyyy') ,  null , null , null,25, 104  ) ;
INSERT INTO Operacoes (idOperacao , data , quantidade , unidade , designacao, idCultura, id)VALUES (310, TO_DATE('15/06/2023','dd/mm/yyyy') ,  null , null , null,22, 104  ) ;
INSERT INTO Operacoes (idOperacao , data , quantidade , unidade , designacao, idCultura, id)VALUES (311, TO_DATE('15/06/2023','dd/mm/yyyy') ,  null , null , null,23, 104  ) ;
INSERT INTO Operacoes (idOperacao , data , quantidade , unidade , designacao, idCultura, id)VALUES (312, TO_DATE('15/06/2023','dd/mm/yyyy') ,  null , null , null,24, 104  ) ;
INSERT INTO Operacoes (idOperacao , data , quantidade , unidade , designacao, idCultura, id)VALUES (313, TO_DATE('15/06/2023','dd/mm/yyyy') ,  null , null , null,25, 104  ) ;
INSERT INTO Operacoes (idOperacao , data , quantidade , unidade , designacao, idCultura, id)VALUES (314, TO_DATE('30/06/2023','dd/mm/yyyy') ,  null , null , null,22, 104  ) ;
INSERT INTO Operacoes (idOperacao , data , quantidade , unidade , designacao, idCultura, id)VALUES (315, TO_DATE('30/06/2023','dd/mm/yyyy') ,  null , null , null,23, 104  ) ;
INSERT INTO Operacoes (idOperacao , data , quantidade , unidade , designacao, idCultura, id)VALUES (316, TO_DATE('30/06/2023','dd/mm/yyyy') ,  null , null , null,24, 104  ) ;
INSERT INTO Operacoes (idOperacao , data , quantidade , unidade , designacao, idCultura, id)VALUES (317, TO_DATE('30/06/2023','dd/mm/yyyy') ,  null , null , null,25, 104  ) ;
INSERT INTO Operacoes (idOperacao , data , quantidade , unidade , designacao, idCultura, id)VALUES (318, TO_DATE('07/07/2023','dd/mm/yyyy') ,  null , null , null,22, 104  ) ;
INSERT INTO Operacoes (idOperacao , data , quantidade , unidade , designacao, idCultura, id)VALUES (319, TO_DATE('07/07/2023','dd/mm/yyyy') ,  null , null , null,23, 104  ) ;
INSERT INTO Operacoes (idOperacao , data , quantidade , unidade , designacao, idCultura, id)VALUES (320, TO_DATE('07/07/2023','dd/mm/yyyy') ,  null , null , null,24, 104  ) ;
INSERT INTO Operacoes (idOperacao , data , quantidade , unidade , designacao, idCultura, id)VALUES (321, TO_DATE('07/07/2023','dd/mm/yyyy') ,  null , null , null,25, 104  ) ;
INSERT INTO Operacoes (idOperacao , data , quantidade , unidade , designacao, idCultura, id)VALUES (322, TO_DATE('14/07/2023','dd/mm/yyyy') ,  null , null , null,22, 104  ) ;
INSERT INTO Operacoes (idOperacao , data , quantidade , unidade , designacao, idCultura, id)VALUES (323, TO_DATE('14/07/2023','dd/mm/yyyy') ,  null , null , null,23, 104  ) ;
INSERT INTO Operacoes (idOperacao , data , quantidade , unidade , designacao, idCultura, id)VALUES (324, TO_DATE('14/07/2023','dd/mm/yyyy') ,  null , null , null,24, 104  ) ;
INSERT INTO Operacoes (idOperacao , data , quantidade , unidade , designacao, idCultura, id)VALUES (325, TO_DATE('14/07/2023','dd/mm/yyyy') ,  null , null , null,25, 104  ) ;
INSERT INTO Operacoes (idOperacao , data , quantidade , unidade , designacao, idCultura, id)VALUES (326, TO_DATE('21/07/2023','dd/mm/yyyy') ,  null , null , null,22, 104  ) ;
INSERT INTO Operacoes (idOperacao , data , quantidade , unidade , designacao, idCultura, id)VALUES (327, TO_DATE('21/07/2023','dd/mm/yyyy') ,  null , null , null,23, 104  ) ;
INSERT INTO Operacoes (idOperacao , data , quantidade , unidade , designacao, idCultura, id)VALUES (328, TO_DATE('21/07/2023','dd/mm/yyyy') ,  null , null , null,24, 104  ) ;
INSERT INTO Operacoes (idOperacao , data , quantidade , unidade , designacao, idCultura, id)VALUES (329, TO_DATE('21/07/2023','dd/mm/yyyy') ,  null , null , null,25, 104  ) ;
INSERT INTO Operacoes (idOperacao , data , quantidade , unidade , designacao, idCultura, id)VALUES (330, TO_DATE('28/07/2023','dd/mm/yyyy') ,  null , null , null,22, 104  ) ;
INSERT INTO Operacoes (idOperacao , data , quantidade , unidade , designacao, idCultura, id)VALUES (331, TO_DATE('28/07/2023','dd/mm/yyyy') ,  null , null , null,23, 104  ) ;
INSERT INTO Operacoes (idOperacao , data , quantidade , unidade , designacao, idCultura, id)VALUES (332, TO_DATE('28/07/2023','dd/mm/yyyy') ,  null , null , null,24, 104  ) ;
INSERT INTO Operacoes (idOperacao , data , quantidade , unidade , designacao, idCultura, id)VALUES (333, TO_DATE('28/07/2023','dd/mm/yyyy') ,  null , null , null,25, 104  ) ;
INSERT INTO Operacoes (idOperacao , data , quantidade , unidade , designacao, idCultura, id)VALUES (334, TO_DATE('04/08/2023','dd/mm/yyyy') ,  null , null , null,22, 104  ) ;
INSERT INTO Operacoes (idOperacao , data , quantidade , unidade , designacao, idCultura, id)VALUES (335, TO_DATE('04/08/2023','dd/mm/yyyy') ,  null , null , null,23, 104  ) ;
INSERT INTO Operacoes (idOperacao , data , quantidade , unidade , designacao, idCultura, id)VALUES (336, TO_DATE('04/08/2023','dd/mm/yyyy') ,  null , null , null,24, 104  ) ;
INSERT INTO Operacoes (idOperacao , data , quantidade , unidade , designacao, idCultura, id)VALUES (337, TO_DATE('04/08/2023','dd/mm/yyyy') ,  null , null , null,25, 104  ) ;
INSERT INTO Operacoes (idOperacao , data , quantidade , unidade , designacao, idCultura, id)VALUES (338, TO_DATE('11/08/2023','dd/mm/yyyy') ,  null , null , null,22, 104  ) ;
INSERT INTO Operacoes (idOperacao , data , quantidade , unidade , designacao, idCultura, id)VALUES (339, TO_DATE('11/08/2023','dd/mm/yyyy') ,  null , null , null,23, 104  ) ;
INSERT INTO Operacoes (idOperacao , data , quantidade , unidade , designacao, idCultura, id)VALUES (340, TO_DATE('11/08/2023','dd/mm/yyyy') ,  null , null , null,24, 104  ) ;
INSERT INTO Operacoes (idOperacao , data , quantidade , unidade , designacao, idCultura, id)VALUES (341, TO_DATE('11/08/2023','dd/mm/yyyy') ,  null , null , null,25, 104  ) ;
INSERT INTO Operacoes (idOperacao , data , quantidade , unidade , designacao, idCultura, id)VALUES (342, TO_DATE('18/08/2023','dd/mm/yyyy') ,  null , null , null,22, 104  ) ;
INSERT INTO Operacoes (idOperacao , data , quantidade , unidade , designacao, idCultura, id)VALUES (343, TO_DATE('18/08/2023','dd/mm/yyyy') ,  null , null , null,23, 104  ) ;
INSERT INTO Operacoes (idOperacao , data , quantidade , unidade , designacao, idCultura, id)VALUES (344, TO_DATE('18/08/2023','dd/mm/yyyy') ,  null , null , null,24, 104  ) ;
INSERT INTO Operacoes (idOperacao , data , quantidade , unidade , designacao, idCultura, id)VALUES (345, TO_DATE('18/08/2023','dd/mm/yyyy') ,  null , null , null,25, 104  ) ;
INSERT INTO Operacoes (idOperacao , data , quantidade , unidade , designacao, idCultura, id)VALUES (346, TO_DATE('25/08/2023','dd/mm/yyyy') ,  null , null , null,22, 104  ) ;
INSERT INTO Operacoes (idOperacao , data , quantidade , unidade , designacao, idCultura, id)VALUES (347, TO_DATE('25/08/2023','dd/mm/yyyy') ,  null , null , null,23, 104  ) ;
INSERT INTO Operacoes (idOperacao , data , quantidade , unidade , designacao, idCultura, id)VALUES (348, TO_DATE('25/08/2023','dd/mm/yyyy') ,  null , null , null,24, 104  ) ;
INSERT INTO Operacoes (idOperacao , data , quantidade , unidade , designacao, idCultura, id)VALUES (349, TO_DATE('25/08/2023','dd/mm/yyyy') ,  null , null , null,25, 104  ) ;
INSERT INTO Operacoes (idOperacao , data , quantidade , unidade , designacao, idCultura, id)VALUES (350, TO_DATE('01/09/2023','dd/mm/yyyy') ,  null , null , null,22, 104  ) ;
INSERT INTO Operacoes (idOperacao , data , quantidade , unidade , designacao, idCultura, id)VALUES (351, TO_DATE('01/09/2023','dd/mm/yyyy') ,  null , null , null,23, 104  ) ;
INSERT INTO Operacoes (idOperacao , data , quantidade , unidade , designacao, idCultura, id)VALUES (352, TO_DATE('01/09/2023','dd/mm/yyyy') ,  null , null , null,24, 104  ) ;
INSERT INTO Operacoes (idOperacao , data , quantidade , unidade , designacao, idCultura, id)VALUES (353, TO_DATE('01/09/2023','dd/mm/yyyy') ,  null , null , null,25, 104  ) ;
INSERT INTO Operacoes (idOperacao , data , quantidade , unidade , designacao, idCultura, id)VALUES (354, TO_DATE('08/09/2023','dd/mm/yyyy') ,  null , null , null,22, 104  ) ;
INSERT INTO Operacoes (idOperacao , data , quantidade , unidade , designacao, idCultura, id)VALUES (355, TO_DATE('08/09/2023','dd/mm/yyyy') ,  null , null , null,23, 104  ) ;
INSERT INTO Operacoes (idOperacao , data , quantidade , unidade , designacao, idCultura, id)VALUES (356, TO_DATE('08/09/2023','dd/mm/yyyy') ,  null , null , null,24, 104  ) ;
INSERT INTO Operacoes (idOperacao , data , quantidade , unidade , designacao, idCultura, id)VALUES (357, TO_DATE('08/09/2023','dd/mm/yyyy') ,  null , null , null,25, 104  ) ;
INSERT INTO Operacoes (idOperacao , data , quantidade , unidade , designacao, idCultura, id)VALUES (358, TO_DATE('15/09/2023','dd/mm/yyyy') ,  null , null , null,22, 104  ) ;
INSERT INTO Operacoes (idOperacao , data , quantidade , unidade , designacao, idCultura, id)VALUES (359, TO_DATE('15/09/2023','dd/mm/yyyy') ,  null , null , null,23, 104  ) ;
INSERT INTO Operacoes (idOperacao , data , quantidade , unidade , designacao, idCultura, id)VALUES (360, TO_DATE('15/09/2023','dd/mm/yyyy') ,  null , null , null,24, 104  ) ;
INSERT INTO Operacoes (idOperacao , data , quantidade , unidade , designacao, idCultura, id)VALUES (361, TO_DATE('15/09/2023','dd/mm/yyyy') ,  null , null , null,25, 104  ) ;
INSERT INTO Operacoes (idOperacao , data , quantidade , unidade , designacao, idCultura, id)VALUES (362, TO_DATE('13/05/2023','dd/mm/yyyy') ,  null , null , null,29, 105  ) ;
INSERT INTO Operacoes (idOperacao , data , quantidade , unidade , designacao, idCultura, id)VALUES (363, TO_DATE('13/05/2023','dd/mm/yyyy') ,  null , null , null,30, 105  ) ;
INSERT INTO Operacoes (idOperacao , data , quantidade , unidade , designacao, idCultura, id)VALUES (364, TO_DATE('13/05/2023','dd/mm/yyyy') ,  null , null , null,31, 105  ) ;
INSERT INTO Operacoes (idOperacao , data , quantidade , unidade , designacao, idCultura, id)VALUES (365, TO_DATE('02/06/2023','dd/mm/yyyy') ,  null , null , null,29, 105  ) ;
INSERT INTO Operacoes (idOperacao , data , quantidade , unidade , designacao, idCultura, id)VALUES (366, TO_DATE('02/06/2023','dd/mm/yyyy') ,  null , null , null,30, 105  ) ;
INSERT INTO Operacoes (idOperacao , data , quantidade , unidade , designacao, idCultura, id)VALUES (367, TO_DATE('02/06/2023','dd/mm/yyyy') ,  null , null , null,31, 105  ) ;
INSERT INTO Operacoes (idOperacao , data , quantidade , unidade , designacao, idCultura, id)VALUES (368, TO_DATE('16/06/2023','dd/mm/yyyy') ,  null , null , null,29, 105  ) ;
INSERT INTO Operacoes (idOperacao , data , quantidade , unidade , designacao, idCultura, id)VALUES (369, TO_DATE('16/06/2023','dd/mm/yyyy') ,  null , null , null,30, 105  ) ;
INSERT INTO Operacoes (idOperacao , data , quantidade , unidade , designacao, idCultura, id)VALUES (370, TO_DATE('16/06/2023','dd/mm/yyyy') ,  null , null , null,31, 105  ) ;
INSERT INTO Operacoes (idOperacao , data , quantidade , unidade , designacao, idCultura, id)VALUES (371, TO_DATE('01/07/2023','dd/mm/yyyy') ,  null , null , null,29, 105  ) ;
INSERT INTO Operacoes (idOperacao , data , quantidade , unidade , designacao, idCultura, id)VALUES (372, TO_DATE('01/07/2023','dd/mm/yyyy') ,  null , null , null,30, 105  ) ;
INSERT INTO Operacoes (idOperacao , data , quantidade , unidade , designacao, idCultura, id)VALUES (373, TO_DATE('01/07/2023','dd/mm/yyyy') ,  null , null , null,31, 105  ) ;
INSERT INTO Operacoes (idOperacao , data , quantidade , unidade , designacao, idCultura, id)VALUES (374, TO_DATE('08/07/2023','dd/mm/yyyy') ,  null , null , null,29, 105  ) ;
INSERT INTO Operacoes (idOperacao , data , quantidade , unidade , designacao, idCultura, id)VALUES (375, TO_DATE('08/07/2023','dd/mm/yyyy') ,  null , null , null,30, 105  ) ;
INSERT INTO Operacoes (idOperacao , data , quantidade , unidade , designacao, idCultura, id)VALUES (376, TO_DATE('08/07/2023','dd/mm/yyyy') ,  null , null , null,31, 105  ) ;
INSERT INTO Operacoes (idOperacao , data , quantidade , unidade , designacao, idCultura, id)VALUES (377, TO_DATE('15/07/2023','dd/mm/yyyy') ,  null , null , null,29, 105  ) ;
INSERT INTO Operacoes (idOperacao , data , quantidade , unidade , designacao, idCultura, id)VALUES (378, TO_DATE('15/07/2023','dd/mm/yyyy') ,  null , null , null,30, 105  ) ;
INSERT INTO Operacoes (idOperacao , data , quantidade , unidade , designacao, idCultura, id)VALUES (379, TO_DATE('15/07/2023','dd/mm/yyyy') ,  null , null , null,31, 105  ) ;
INSERT INTO Operacoes (idOperacao , data , quantidade , unidade , designacao, idCultura, id)VALUES (380, TO_DATE('22/07/2023','dd/mm/yyyy') ,  null , null , null,29, 105  ) ;
INSERT INTO Operacoes (idOperacao , data , quantidade , unidade , designacao, idCultura, id)VALUES (381, TO_DATE('22/07/2023','dd/mm/yyyy') ,  null , null , null,30, 105  ) ;
INSERT INTO Operacoes (idOperacao , data , quantidade , unidade , designacao, idCultura, id)VALUES (382, TO_DATE('22/07/2023','dd/mm/yyyy') ,  null , null , null,31, 105  ) ;
INSERT INTO Operacoes (idOperacao , data , quantidade , unidade , designacao, idCultura, id)VALUES (383, TO_DATE('29/07/2023','dd/mm/yyyy') ,  null , null , null,29, 105  ) ;
INSERT INTO Operacoes (idOperacao , data , quantidade , unidade , designacao, idCultura, id)VALUES (384, TO_DATE('29/07/2023','dd/mm/yyyy') ,  null , null , null,30, 105  ) ;
INSERT INTO Operacoes (idOperacao , data , quantidade , unidade , designacao, idCultura, id)VALUES (385, TO_DATE('29/07/2023','dd/mm/yyyy') ,  null , null , null,31, 105  ) ;
INSERT INTO Operacoes (idOperacao , data , quantidade , unidade , designacao, idCultura, id)VALUES (386, TO_DATE('05/08/2023','dd/mm/yyyy') ,  null , null , null,29, 105  ) ;
INSERT INTO Operacoes (idOperacao , data , quantidade , unidade , designacao, idCultura, id)VALUES (387, TO_DATE('05/08/2023','dd/mm/yyyy') ,  null , null , null,30, 105  ) ;
INSERT INTO Operacoes (idOperacao , data , quantidade , unidade , designacao, idCultura, id)VALUES (388, TO_DATE('05/08/2023','dd/mm/yyyy') ,  null , null , null,31, 105  ) ;
INSERT INTO Operacoes (idOperacao , data , quantidade , unidade , designacao, idCultura, id)VALUES (389, TO_DATE('10/08/2023','dd/mm/yyyy') ,  null , null , null,29, 105  ) ;
INSERT INTO Operacoes (idOperacao , data , quantidade , unidade , designacao, idCultura, id)VALUES (390, TO_DATE('10/08/2023','dd/mm/yyyy') ,  null , null , null,30, 105  ) ;
INSERT INTO Operacoes (idOperacao , data , quantidade , unidade , designacao, idCultura, id)VALUES (391, TO_DATE('10/08/2023','dd/mm/yyyy') ,  null , null , null,31, 105  ) ;
INSERT INTO Operacoes (idOperacao , data , quantidade , unidade , designacao, idCultura, id)VALUES (392, TO_DATE('17/08/2023','dd/mm/yyyy') ,  null , null , null,29, 105  ) ;
INSERT INTO Operacoes (idOperacao , data , quantidade , unidade , designacao, idCultura, id)VALUES (393, TO_DATE('17/08/2023','dd/mm/yyyy') ,  null , null , null,30, 105  ) ;
INSERT INTO Operacoes (idOperacao , data , quantidade , unidade , designacao, idCultura, id)VALUES (394, TO_DATE('17/08/2023','dd/mm/yyyy') ,  null , null , null,31, 105  ) ;
INSERT INTO Operacoes (idOperacao , data , quantidade , unidade , designacao, idCultura, id)VALUES (395, TO_DATE('24/08/2023','dd/mm/yyyy') ,  null , null , null,29, 105  ) ;
INSERT INTO Operacoes (idOperacao , data , quantidade , unidade , designacao, idCultura, id)VALUES (396, TO_DATE('24/08/2023','dd/mm/yyyy') ,  null , null , null,30, 105  ) ;
INSERT INTO Operacoes (idOperacao , data , quantidade , unidade , designacao, idCultura, id)VALUES (397, TO_DATE('24/08/2023','dd/mm/yyyy') ,  null , null , null,31, 105  ) ;
INSERT INTO Operacoes (idOperacao , data , quantidade , unidade , designacao, idCultura, id)VALUES (398, TO_DATE('02/09/2023','dd/mm/yyyy') ,  null , null , null,29, 105  ) ;
INSERT INTO Operacoes (idOperacao , data , quantidade , unidade , designacao, idCultura, id)VALUES (399, TO_DATE('02/09/2023','dd/mm/yyyy') ,  null , null , null,30, 105  ) ;
INSERT INTO Operacoes (idOperacao , data , quantidade , unidade , designacao, idCultura, id)VALUES (400, TO_DATE('02/09/2023','dd/mm/yyyy') ,  null , null , null,31, 105  ) ;
INSERT INTO Operacoes (idOperacao , data , quantidade , unidade , designacao, idCultura, id)VALUES (401, TO_DATE('09/09/2023','dd/mm/yyyy') ,  null , null , null,29, 105  ) ;
INSERT INTO Operacoes (idOperacao , data , quantidade , unidade , designacao, idCultura, id)VALUES (402, TO_DATE('09/09/2023','dd/mm/yyyy') ,  null , null , null,30, 105  ) ;
INSERT INTO Operacoes (idOperacao , data , quantidade , unidade , designacao, idCultura, id)VALUES (403, TO_DATE('09/09/2023','dd/mm/yyyy') ,  null , null , null,31, 105  ) ;
INSERT INTO Operacoes (idOperacao , data , quantidade , unidade , designacao, idCultura, id)VALUES (404, TO_DATE('18/09/2023','dd/mm/yyyy') ,  null , null , null,29, 105  ) ;
INSERT INTO Operacoes (idOperacao , data , quantidade , unidade , designacao, idCultura, id)VALUES (405, TO_DATE('18/09/2023','dd/mm/yyyy') ,  null , null , null,30, 105  ) ;
INSERT INTO Operacoes (idOperacao , data , quantidade , unidade , designacao, idCultura, id)VALUES (406, TO_DATE('18/09/2023','dd/mm/yyyy') ,  null , null , null,31, 105  ) ;
INSERT INTO Operacoes (idOperacao , data , quantidade , unidade , designacao, idCultura, id)VALUES (407, TO_DATE('02/06/2023','dd/mm/yyyy') ,  null , null , null,11, 102  ) ;
INSERT INTO Operacoes (idOperacao , data , quantidade , unidade , designacao, idCultura, id)VALUES (408, TO_DATE('02/06/2023','dd/mm/yyyy') ,  null , null , null,12, 102  ) ;
INSERT INTO Operacoes (idOperacao , data , quantidade , unidade , designacao, idCultura, id)VALUES (409, TO_DATE('02/07/2023','dd/mm/yyyy') ,  null , null , null,11, 102  ) ;
INSERT INTO Operacoes (idOperacao , data , quantidade , unidade , designacao, idCultura, id)VALUES (410, TO_DATE('02/07/2023','dd/mm/yyyy') ,  null , null , null,12, 102  ) ;
INSERT INTO Operacoes (idOperacao , data , quantidade , unidade , designacao, idCultura, id)VALUES (411, TO_DATE('02/08/2023','dd/mm/yyyy') ,  null , null , null,11, 102  ) ;
INSERT INTO Operacoes (idOperacao , data , quantidade , unidade , designacao, idCultura, id)VALUES (412, TO_DATE('02/08/2023','dd/mm/yyyy') ,  null , null , null,12, 102  ) ;
INSERT INTO Operacoes (idOperacao , data , quantidade , unidade , designacao, idCultura, id)VALUES (413, TO_DATE('04/09/2023','dd/mm/yyyy') ,  null , null , null,11, 102  ) ;
INSERT INTO Operacoes (idOperacao , data , quantidade , unidade , designacao, idCultura, id)VALUES (414, TO_DATE('04/09/2023','dd/mm/yyyy') ,  null , null , null,12, 102  ) ;
INSERT INTO Operacoes (idOperacao , data , quantidade , unidade , designacao, idCultura, id)VALUES (415, TO_DATE('02/10/2023','dd/mm/yyyy') ,  null , null , null,11, 102  ) ;
INSERT INTO Operacoes (idOperacao , data , quantidade , unidade , designacao, idCultura, id)VALUES (416, TO_DATE('02/10/2023','dd/mm/yyyy') ,  null , null , null,12, 102  ) ;
INSERT INTO Operacoes (idOperacao , data , quantidade , unidade , designacao, idCultura, id)VALUES (417, TO_DATE('12/06/2023','dd/mm/yyyy') ,  null , null , null,34, 108  ) ;
INSERT INTO Operacoes (idOperacao , data , quantidade , unidade , designacao, idCultura, id)VALUES (418, TO_DATE('19/06/2023','dd/mm/yyyy') ,  null , null , null,34, 108  ) ;
INSERT INTO Operacoes (idOperacao , data , quantidade , unidade , designacao, idCultura, id)VALUES (419, TO_DATE('30/06/2023','dd/mm/yyyy') ,  null , null , null,34, 108  ) ;
INSERT INTO Operacoes (idOperacao , data , quantidade , unidade , designacao, idCultura, id)VALUES (420, TO_DATE('08/07/2023','dd/mm/yyyy') ,  null , null , null,34, 108  ) ;
INSERT INTO Operacoes (idOperacao , data , quantidade , unidade , designacao, idCultura, id)VALUES (421, TO_DATE('15/07/2023','dd/mm/yyyy') ,  null , null , null,34, 108  ) ;
INSERT INTO Operacoes (idOperacao , data , quantidade , unidade , designacao, idCultura, id)VALUES (422, TO_DATE('22/07/2023','dd/mm/yyyy') ,  null , null , null,34, 108  ) ;
INSERT INTO Operacoes (idOperacao , data , quantidade , unidade , designacao, idCultura, id)VALUES (423, TO_DATE('29/07/2023','dd/mm/yyyy') ,  null , null , null,34, 108  ) ;
INSERT INTO Operacoes (idOperacao , data , quantidade , unidade , designacao, idCultura, id)VALUES (424, TO_DATE('05/08/2023','dd/mm/yyyy') ,  null , null , null,34, 108  ) ;
INSERT INTO Operacoes (idOperacao , data , quantidade , unidade , designacao, idCultura, id)VALUES (425, TO_DATE('12/08/2023','dd/mm/yyyy') ,  null , null , null,34, 108  ) ;
INSERT INTO Operacoes (idOperacao , data , quantidade , unidade , designacao, idCultura, id)VALUES (426, TO_DATE('19/08/2023','dd/mm/yyyy') ,  null , null , null,34, 108  ) ;
INSERT INTO Operacoes (idOperacao , data , quantidade , unidade , designacao, idCultura, id)VALUES (427, TO_DATE('26/08/2023','dd/mm/yyyy') ,  null , null , null,34, 108  ) ;
INSERT INTO Operacoes (idOperacao , data , quantidade , unidade , designacao, idCultura, id)VALUES (428, TO_DATE('31/08/2023','dd/mm/yyyy') ,  null , null , null,34, 108  ) ;
INSERT INTO Operacoes (idOperacao , data , quantidade , unidade , designacao, idCultura, id)VALUES (429, TO_DATE('05/09/2023','dd/mm/yyyy') ,  null , null , null,34, 108  ) ;
INSERT INTO Operacoes (idOperacao , data , quantidade , unidade , designacao, idCultura, id)VALUES (430, TO_DATE('20/05/2023','dd/mm/yyyy') ,  null , null , null,33, 108  ) ;
INSERT INTO Operacoes (idOperacao , data , quantidade , unidade , designacao, idCultura, id)VALUES (431, TO_DATE('20/05/2023','dd/mm/yyyy') ,  null , null , null,35, 108  ) ;
INSERT INTO Operacoes (idOperacao , data , quantidade , unidade , designacao, idCultura, id)VALUES (432, TO_DATE('02/06/2023','dd/mm/yyyy') ,  null , null , null,33, 108  ) ;
INSERT INTO Operacoes (idOperacao , data , quantidade , unidade , designacao, idCultura, id)VALUES (433, TO_DATE('02/06/2023','dd/mm/yyyy') ,  null , null , null,35, 108  ) ;
INSERT INTO Operacoes (idOperacao , data , quantidade , unidade , designacao, idCultura, id)VALUES (434, TO_DATE('09/06/2023','dd/mm/yyyy') ,  null , null , null,33, 108  ) ;
INSERT INTO Operacoes (idOperacao , data , quantidade , unidade , designacao, idCultura, id)VALUES (435, TO_DATE('09/06/2023','dd/mm/yyyy') ,  null , null , null,35, 108  ) ;
INSERT INTO Operacoes (idOperacao , data , quantidade , unidade , designacao, idCultura, id)VALUES (436, TO_DATE('09/07/2023','dd/mm/yyyy') ,  null , null , null,33, 108  ) ;
INSERT INTO Operacoes (idOperacao , data , quantidade , unidade , designacao, idCultura, id)VALUES (437, TO_DATE('09/07/2023','dd/mm/yyyy') ,  null , null , null,35, 108  ) ;
INSERT INTO Operacoes (idOperacao , data , quantidade , unidade , designacao, idCultura, id)VALUES (438, TO_DATE('16/07/2023','dd/mm/yyyy') ,  null , null , null,33, 108  ) ;
INSERT INTO Operacoes (idOperacao , data , quantidade , unidade , designacao, idCultura, id)VALUES (439, TO_DATE('16/07/2023','dd/mm/yyyy') ,  null , null , null,35, 108  ) ;
INSERT INTO Operacoes (idOperacao , data , quantidade , unidade , designacao, idCultura, id)VALUES (440, TO_DATE('23/07/2023','dd/mm/yyyy') ,  null , null , null,33, 108  ) ;
INSERT INTO Operacoes (idOperacao , data , quantidade , unidade , designacao, idCultura, id)VALUES (441, TO_DATE('23/07/2023','dd/mm/yyyy') ,  null , null , null,35, 108  ) ;
INSERT INTO Operacoes (idOperacao , data , quantidade , unidade , designacao, idCultura, id)VALUES (442, TO_DATE('30/07/2023','dd/mm/yyyy') ,  null , null , null,33, 108  ) ;
INSERT INTO Operacoes (idOperacao , data , quantidade , unidade , designacao, idCultura, id)VALUES (443, TO_DATE('30/07/2023','dd/mm/yyyy') ,  null , null , null,35, 108  ) ;
INSERT INTO Operacoes (idOperacao , data , quantidade , unidade , designacao, idCultura, id)VALUES (444, TO_DATE('07/08/2023','dd/mm/yyyy') ,  null , null , null,33, 108  ) ;
INSERT INTO Operacoes (idOperacao , data , quantidade , unidade , designacao, idCultura, id)VALUES (445, TO_DATE('07/08/2023','dd/mm/yyyy') ,  null , null , null,35, 108  ) ;
INSERT INTO Operacoes (idOperacao , data , quantidade , unidade , designacao, idCultura, id)VALUES (446, TO_DATE('14/08/2023','dd/mm/yyyy') ,  null , null , null,33, 108  ) ;
INSERT INTO Operacoes (idOperacao , data , quantidade , unidade , designacao, idCultura, id)VALUES (447, TO_DATE('14/08/2023','dd/mm/yyyy') ,  null , null , null,35, 108  ) ;
INSERT INTO Operacoes (idOperacao , data , quantidade , unidade , designacao, idCultura, id)VALUES (448, TO_DATE('21/08/2023','dd/mm/yyyy') ,  null , null , null,33, 108  ) ;
INSERT INTO Operacoes (idOperacao , data , quantidade , unidade , designacao, idCultura, id)VALUES (449, TO_DATE('21/08/2023','dd/mm/yyyy') ,  null , null , null,35, 108  ) ;
INSERT INTO Operacoes (idOperacao , data , quantidade , unidade , designacao, idCultura, id)VALUES (450, TO_DATE('28/08/2023','dd/mm/yyyy') ,  null , null , null,33, 108  ) ;
INSERT INTO Operacoes (idOperacao , data , quantidade , unidade , designacao, idCultura, id)VALUES (451, TO_DATE('28/08/2023','dd/mm/yyyy') ,  null , null , null,35, 108  ) ;
INSERT INTO Operacoes (idOperacao , data , quantidade , unidade , designacao, idCultura, id)VALUES (452, TO_DATE('06/09/2023','dd/mm/yyyy') ,  null , null , null,33, 108  ) ;
INSERT INTO Operacoes (idOperacao , data , quantidade , unidade , designacao, idCultura, id)VALUES (453, TO_DATE('06/09/2023','dd/mm/yyyy') ,  null , null , null,35, 108  ) ;
INSERT INTO Operacoes (idOperacao , data , quantidade , unidade , designacao, idCultura, id)VALUES (454, TO_DATE('13/09/2023','dd/mm/yyyy') ,  null , null , null,33, 108  ) ;
INSERT INTO Operacoes (idOperacao , data , quantidade , unidade , designacao, idCultura, id)VALUES (455, TO_DATE('13/09/2023','dd/mm/yyyy') ,  null , null , null,35, 108  ) ;
INSERT INTO Operacoes (idOperacao , data , quantidade , unidade , designacao, idCultura, id)VALUES (456, TO_DATE('20/09/2023','dd/mm/yyyy') ,  null , null , null,33, 108  ) ;
INSERT INTO Operacoes (idOperacao , data , quantidade , unidade , designacao, idCultura, id)VALUES (457, TO_DATE('20/09/2023','dd/mm/yyyy') ,  null , null , null,35, 108  ) ;

INSERT INTO Operacoes (idOperacao , data , quantidade , unidade , designacao, idCultura, id)VALUES (458, TO_DATE('06/01/2020','dd/mm/yyyy') ,100, 'kg' , 'Fertimax Extrume de Cavalo',29, 105  ) ;
INSERT INTO Operacoes (idOperacao , data , quantidade , unidade , designacao, idCultura, id)VALUES (459, TO_DATE('06/01/2020','dd/mm/yyyy') ,40, 'kg' , 'Fertimax Extrume de Cavalo',30, 105  ) ;
INSERT INTO Operacoes (idOperacao , data , quantidade , unidade , designacao, idCultura, id)VALUES (460, TO_DATE('06/01/2020','dd/mm/yyyy') ,80, 'kg' , 'Fertimax Extrume de Cavalo',28, 105  ) ;
INSERT INTO Operacoes (idOperacao , data , quantidade , unidade , designacao, idCultura, id)VALUES (461, TO_DATE('06/01/2020','dd/mm/yyyy') ,60, 'kg' , 'Fertimax Extrume de Cavalo',38, 105  ) ;
INSERT INTO Operacoes (idOperacao , data , quantidade , unidade , designacao, idCultura, id)VALUES (462, TO_DATE('07/01/2020','dd/mm/yyyy') ,80, 'kg' , 'Fertimax Extrume de Cavalo',39, 105  ) ;
INSERT INTO Operacoes (idOperacao , data , quantidade , unidade , designacao, idCultura, id)VALUES (463, TO_DATE('07/01/2020','dd/mm/yyyy') ,100, 'kg' , 'Fertimax Extrume de Cavalo',31, 105  ) ;
INSERT INTO Operacoes (idOperacao , data , quantidade , unidade , designacao, idCultura, id)VALUES (464, TO_DATE('07/01/2021','dd/mm/yyyy') ,150, 'kg' , 'Fertimax Extrume de Cavalo',29, 105  ) ;
INSERT INTO Operacoes (idOperacao , data , quantidade , unidade , designacao, idCultura, id)VALUES (465, TO_DATE('07/01/2021','dd/mm/yyyy') ,60, 'kg' , 'Fertimax Extrume de Cavalo',30, 105  ) ;
INSERT INTO Operacoes (idOperacao , data , quantidade , unidade , designacao, idCultura, id)VALUES (466, TO_DATE('08/01/2021','dd/mm/yyyy') ,120, 'kg' , 'Fertimax Extrume de Cavalo',28, 105  ) ;
INSERT INTO Operacoes (idOperacao , data , quantidade , unidade , designacao, idCultura, id)VALUES (467, TO_DATE('07/01/2021','dd/mm/yyyy') ,90, 'kg' , 'Fertimax Extrume de Cavalo',38, 105  ) ;
INSERT INTO Operacoes (idOperacao , data , quantidade , unidade , designacao, idCultura, id)VALUES (468, TO_DATE('07/01/2021','dd/mm/yyyy') ,120, 'kg' , 'Fertimax Extrume de Cavalo',39, 105  ) ;
INSERT INTO Operacoes (idOperacao , data , quantidade , unidade , designacao, idCultura, id)VALUES (469, TO_DATE('08/01/2021','dd/mm/yyyy') ,150, 'kg' , 'Fertimax Extrume de Cavalo',31, 105  ) ;
INSERT INTO Operacoes (idOperacao , data , quantidade , unidade , designacao, idCultura, id)VALUES (470, TO_DATE('15/01/2022','dd/mm/yyyy') ,150, 'kg' , 'BIOFERTIL N6',29, 105  ) ;
INSERT INTO Operacoes (idOperacao , data , quantidade , unidade , designacao, idCultura, id)VALUES (471, TO_DATE('15/01/2022','dd/mm/yyyy') ,60, 'kg' , 'BIOFERTIL N6',30, 105  ) ;
INSERT INTO Operacoes (idOperacao , data , quantidade , unidade , designacao, idCultura, id)VALUES (472, TO_DATE('15/01/2022','dd/mm/yyyy') ,120, 'kg' , 'BIOFERTIL N6',28, 105  ) ;
INSERT INTO Operacoes (idOperacao , data , quantidade , unidade , designacao, idCultura, id)VALUES (473, TO_DATE('16/01/2022','dd/mm/yyyy') ,90, 'kg' , 'BIOFERTIL N6',38, 105  ) ;
INSERT INTO Operacoes (idOperacao , data , quantidade , unidade , designacao, idCultura, id)VALUES (474, TO_DATE('16/01/2022','dd/mm/yyyy') ,120, 'kg' , 'BIOFERTIL N6',39, 105  ) ;
INSERT INTO Operacoes (idOperacao , data , quantidade , unidade , designacao, idCultura, id)VALUES (475, TO_DATE('16/01/2022','dd/mm/yyyy') ,150, 'kg' , 'BIOFERTIL N6',31, 105  ) ;
INSERT INTO Operacoes (idOperacao , data , quantidade , unidade , designacao, idCultura, id)VALUES (476, TO_DATE('15/05/2022','dd/mm/yyyy') ,5, 'kg' , 'EPSO Microtop',29, 105  ) ;
INSERT INTO Operacoes (idOperacao , data , quantidade , unidade , designacao, idCultura, id)VALUES (477, TO_DATE('15/05/2023','dd/mm/yyyy') ,2, 'kg' , 'EPSO Microtop',30, 105  ) ;
INSERT INTO Operacoes (idOperacao , data , quantidade , unidade , designacao, idCultura, id)VALUES (478, TO_DATE('15/05/2023','dd/mm/yyyy') ,4, 'kg' , 'EPSO Microtop',28, 105  ) ;
INSERT INTO Operacoes (idOperacao , data , quantidade , unidade , designacao, idCultura, id)VALUES (479, TO_DATE('15/05/2023','dd/mm/yyyy') ,3, 'kg' , 'EPSO Microtop',38, 105  ) ;
INSERT INTO Operacoes (idOperacao , data , quantidade , unidade , designacao, idCultura, id)VALUES (480, TO_DATE('15/05/2023','dd/mm/yyyy') ,4, 'kg' , 'EPSO Microtop',39, 105  ) ;
INSERT INTO Operacoes (idOperacao , data , quantidade , unidade , designacao, idCultura, id)VALUES (481, TO_DATE('15/05/2023','dd/mm/yyyy') ,5, 'kg' , 'EPSO Microtop',31, 105  ) ;
INSERT INTO Operacoes (idOperacao , data , quantidade , unidade , designacao, idCultura, id)VALUES (482, TO_DATE('13/01/2021','dd/mm/yyyy') ,120, 'kg' , 'BIOFERTIL N6',12, 102  ) ;
INSERT INTO Operacoes (idOperacao , data , quantidade , unidade , designacao, idCultura, id)VALUES (483, TO_DATE('12/01/2021','dd/mm/yyyy') ,180, 'kg' , 'BIOFERTIL N6',11, 102  ) ;
INSERT INTO Operacoes (idOperacao , data , quantidade , unidade , designacao, idCultura, id)VALUES (484, TO_DATE('12/01/2021','dd/mm/yyyy') ,240, 'kg' , 'BIOFERTIL N6',32, 102  ) ;
INSERT INTO Operacoes (idOperacao , data , quantidade , unidade , designacao, idCultura, id)VALUES (485, TO_DATE('12/01/2022','dd/mm/yyyy') ,120, 'kg' , 'BIOFERTIL N6',12, 102  ) ;
INSERT INTO Operacoes (idOperacao , data , quantidade , unidade , designacao, idCultura, id)VALUES (486, TO_DATE('12/01/2022','dd/mm/yyyy') ,180, 'kg' , 'BIOFERTIL N6',11, 102  ) ;
INSERT INTO Operacoes (idOperacao , data , quantidade , unidade , designacao, idCultura, id)VALUES (487, TO_DATE('13/01/2022','dd/mm/yyyy') ,240, 'kg' , 'BIOFERTIL N6',32, 102  ) ;
INSERT INTO Operacoes (idOperacao , data , quantidade , unidade , designacao, idCultura, id)VALUES (488, TO_DATE('12/01/2023','dd/mm/yyyy') ,120, 'kg' , 'BIOFERTIL N6',12, 102  ) ;
INSERT INTO Operacoes (idOperacao , data , quantidade , unidade , designacao, idCultura, id)VALUES (489, TO_DATE('12/01/2023','dd/mm/yyyy') ,180, 'kg' , 'BIOFERTIL N6',11, 102  ) ;
INSERT INTO Operacoes (idOperacao , data , quantidade , unidade , designacao, idCultura, id)VALUES (490, TO_DATE('12/01/2023','dd/mm/yyyy') ,240, 'kg' , 'BIOFERTIL N6',32, 102  ) ;
INSERT INTO Operacoes (idOperacao , data , quantidade , unidade , designacao, idCultura, id)VALUES (491, TO_DATE('01/04/2023','dd/mm/yyyy') ,500, 'kg' , 'Biocal Composto',40, 108  ) ;
INSERT INTO Operacoes (idOperacao , data , quantidade , unidade , designacao, idCultura, id)VALUES (492, TO_DATE('03/07/2023','dd/mm/yyyy') ,1800, 'kg' , 'Fertimax Extrume de Cavalo',40, 108  ) ;
INSERT INTO Operacoes (idOperacao , data , quantidade , unidade , designacao, idCultura, id)VALUES (493, TO_DATE('04/01/2019','dd/mm/yyyy') ,3200, 'kg' , 'BIOFERTIL N6',40, 105  ) ;

INSERT INTO Operacoes (idOperacao , data , quantidade , unidade , designacao, idCultura, id)VALUES (494, TO_DATE('04/07/2023','dd/mm/yyyy') ,0.5, 'ha' , null,40, 108  ) ;
INSERT INTO Operacoes (idOperacao , data , quantidade , unidade , designacao, idCultura, id)VALUES (495, TO_DATE('10/10/2023','dd/mm/yyyy') ,1.1, 'ha' , null,40, 108  ) ;

INSERT INTO Operacoes (idOperacao , data , quantidade , unidade , designacao, idCultura, id)VALUES (496, TO_DATE('02/06/2023','dd/mm/yyyy') ,null, null , null,11, 102  ) ;
INSERT INTO Operacoes (idOperacao , data , quantidade , unidade , designacao, idCultura, id)VALUES (497, TO_DATE('02/06/2023','dd/mm/yyyy') ,null, null , null,12, 102  ) ;
INSERT INTO Operacoes (idOperacao , data , quantidade , unidade , designacao, idCultura, id)VALUES (498, TO_DATE('02/07/2023','dd/mm/yyyy') ,null, null , null,11, 102  ) ;
INSERT INTO Operacoes (idOperacao , data , quantidade , unidade , designacao, idCultura, id)VALUES (499, TO_DATE('02/07/2023','dd/mm/yyyy') ,null, null , null,12, 102  ) ;
INSERT INTO Operacoes (idOperacao , data , quantidade , unidade , designacao, idCultura, id)VALUES (500, TO_DATE('02/08/2023','dd/mm/yyyy') ,null, null , null,11, 102  ) ;
INSERT INTO Operacoes (idOperacao , data , quantidade , unidade , designacao, idCultura, id)VALUES (501, TO_DATE('02/08/2023','dd/mm/yyyy') ,null, null , null,12, 102  ) ;
INSERT INTO Operacoes (idOperacao , data , quantidade , unidade , designacao, idCultura, id)VALUES (502, TO_DATE('16/06/2023','dd/mm/yyyy') ,  null , null , null,29, 105  ) ;
INSERT INTO Operacoes (idOperacao , data , quantidade , unidade , designacao, idCultura, id)VALUES (503, TO_DATE('16/06/2023','dd/mm/yyyy') ,  null , null , null,30, 105  ) ;
INSERT INTO Operacoes (idOperacao , data , quantidade , unidade , designacao, idCultura, id)VALUES (504, TO_DATE('16/06/2023','dd/mm/yyyy') ,  null , null , null,31, 105  ) ;
INSERT INTO Operacoes (idOperacao , data , quantidade , unidade , designacao, idCultura, id)VALUES (505, TO_DATE('15/07/2023','dd/mm/yyyy') ,  null , null , null,29, 105  ) ;
INSERT INTO Operacoes (idOperacao , data , quantidade , unidade , designacao, idCultura, id)VALUES (506, TO_DATE('15/07/2023','dd/mm/yyyy') ,  null , null , null,30, 105  ) ;
INSERT INTO Operacoes (idOperacao , data , quantidade , unidade , designacao, idCultura, id)VALUES (507, TO_DATE('15/07/2023','dd/mm/yyyy') ,  null , null , null,31, 105  ) ;
INSERT INTO Operacoes (idOperacao , data , quantidade , unidade , designacao, idCultura, id)VALUES (508, TO_DATE('10/08/2023','dd/mm/yyyy') ,  null , null , null,29, 105  ) ;
INSERT INTO Operacoes (idOperacao , data , quantidade , unidade , designacao, idCultura, id)VALUES (509, TO_DATE('10/08/2023','dd/mm/yyyy') ,  null , null , null,30, 105  ) ;
INSERT INTO Operacoes (idOperacao , data , quantidade , unidade , designacao, idCultura, id)VALUES (510, TO_DATE('10/08/2023','dd/mm/yyyy') ,  null , null , null,31, 105  ) ;
INSERT INTO Operacoes (idOperacao , data , quantidade , unidade , designacao, idCultura, id)VALUES (511, TO_DATE('09/09/2023','dd/mm/yyyy') ,  null , null , null,29, 105  ) ;
INSERT INTO Operacoes (idOperacao , data , quantidade , unidade , designacao, idCultura, id)VALUES (512, TO_DATE('09/09/2023','dd/mm/yyyy') ,  null , null , null,30, 105  ) ;
INSERT INTO Operacoes (idOperacao , data , quantidade , unidade , designacao, idCultura, id)VALUES (513, TO_DATE('09/09/2023','dd/mm/yyyy') ,  null , null , null,31, 105  ) ;
INSERT INTO Operacoes (idOperacao , data , quantidade , unidade , designacao, idCultura, id)VALUES (514, TO_DATE('30/06/2023','dd/mm/yyyy') ,  null , null , null,34, 108  ) ;
INSERT INTO Operacoes (idOperacao , data , quantidade , unidade , designacao, idCultura, id)VALUES (515, TO_DATE('15/07/2023','dd/mm/yyyy') ,  null , null , null,34, 108  ) ;
INSERT INTO Operacoes (idOperacao , data , quantidade , unidade , designacao, idCultura, id)VALUES (516, TO_DATE('29/07/2023','dd/mm/yyyy') ,  null , null , null,34, 108  ) ;
INSERT INTO Operacoes (idOperacao , data , quantidade , unidade , designacao, idCultura, id)VALUES (517, TO_DATE('12/08/2023','dd/mm/yyyy') ,  null , null , null,34, 108  ) ;
INSERT INTO Operacoes (idOperacao , data , quantidade , unidade , designacao, idCultura, id)VALUES (518, TO_DATE('20/05/2023','dd/mm/yyyy') ,  null , null , null,33, 108  ) ;
INSERT INTO Operacoes (idOperacao , data , quantidade , unidade , designacao, idCultura, id)VALUES (519, TO_DATE('20/05/2023','dd/mm/yyyy') ,  null , null , null,35, 108  ) ;
INSERT INTO Operacoes (idOperacao , data , quantidade , unidade , designacao, idCultura, id)VALUES (520, TO_DATE('09/07/2023','dd/mm/yyyy') ,  null , null , null,33, 108  ) ;
INSERT INTO Operacoes (idOperacao , data , quantidade , unidade , designacao, idCultura, id)VALUES (521, TO_DATE('09/07/2023','dd/mm/yyyy') ,  null , null , null,35, 108  ) ;

INSERT INTO Operacoes (idOperacao , data , quantidade , unidade , designacao, idCultura, id)VALUES (522, TO_DATE('17/06/2023','dd/mm/yyyy') ,null, null , null,11, 102  ) ;
INSERT INTO Operacoes (idOperacao , data , quantidade , unidade , designacao, idCultura, id)VALUES (523, TO_DATE('17/06/2023','dd/mm/yyyy') ,null, null , null,12, 102  ) ;
INSERT INTO Operacoes (idOperacao , data , quantidade , unidade , designacao, idCultura, id)VALUES (524, TO_DATE('17/07/2023','dd/mm/yyyy') ,null, null , null,11, 102  ) ;
INSERT INTO Operacoes (idOperacao , data , quantidade , unidade , designacao, idCultura, id)VALUES (525, TO_DATE('17/07/2023','dd/mm/yyyy') ,null, null , null,12, 102  ) ;
INSERT INTO Operacoes (idOperacao , data , quantidade , unidade , designacao, idCultura, id)VALUES (526, TO_DATE('17/08/2023','dd/mm/yyyy') ,null, null , null,11, 102  ) ;
INSERT INTO Operacoes (idOperacao , data , quantidade , unidade , designacao, idCultura, id)VALUES (527, TO_DATE('17/08/2023','dd/mm/yyyy') ,null, null , null,12, 102  ) ;
INSERT INTO Operacoes (idOperacao , data , quantidade , unidade , designacao, idCultura, id)VALUES (528, TO_DATE('18/09/2023','dd/mm/yyyy') ,null, null , null,11, 102  ) ;
INSERT INTO Operacoes (idOperacao , data , quantidade , unidade , designacao, idCultura, id)VALUES (529, TO_DATE('18/09/2023','dd/mm/yyyy') ,null, null , null,12, 102  ) ;

INSERT INTO Mobilizacao_Solo (idOperacao) VALUES (494);
INSERT INTO Mobilizacao_Solo (idOperacao) VALUES (495);

INSERT INTO Semeadura (idOperacao) VALUES (287);
INSERT INTO Semeadura (idOperacao) VALUES (288);
INSERT INTO Semeadura (idOperacao) VALUES (294);
INSERT INTO Semeadura (idOperacao) VALUES (301);

INSERT INTO Aplicacao_Fator_Producao (idOperacao, modo, area, unidades) VALUES ( 458, 'Solo', null, null);
INSERT INTO Aplicacao_Fator_Producao (idOperacao, modo, area, unidades) VALUES ( 459, 'Solo', null, null);
INSERT INTO Aplicacao_Fator_Producao (idOperacao, modo, area, unidades) VALUES ( 460, 'Solo', null, null);
INSERT INTO Aplicacao_Fator_Producao (idOperacao, modo, area, unidades) VALUES ( 461, 'Solo', null, null);
INSERT INTO Aplicacao_Fator_Producao (idOperacao, modo, area, unidades) VALUES ( 462, 'Solo', null, null);
INSERT INTO Aplicacao_Fator_Producao (idOperacao, modo, area, unidades) VALUES ( 463, 'Solo', null, null);
INSERT INTO Aplicacao_Fator_Producao (idOperacao, modo, area, unidades) VALUES ( 464, 'Solo', null, null);
INSERT INTO Aplicacao_Fator_Producao (idOperacao, modo, area, unidades) VALUES ( 465, 'Solo', null, null);
INSERT INTO Aplicacao_Fator_Producao (idOperacao, modo, area, unidades) VALUES ( 466, 'Solo', null, null);
INSERT INTO Aplicacao_Fator_Producao (idOperacao, modo, area, unidades) VALUES ( 467, 'Solo', null, null);
INSERT INTO Aplicacao_Fator_Producao (idOperacao, modo, area, unidades) VALUES ( 468, 'Solo', null, null);
INSERT INTO Aplicacao_Fator_Producao (idOperacao, modo, area, unidades) VALUES ( 469, 'Solo', null, null);
INSERT INTO Aplicacao_Fator_Producao (idOperacao, modo, area, unidades) VALUES ( 470, 'Solo', null, null);
INSERT INTO Aplicacao_Fator_Producao (idOperacao, modo, area, unidades) VALUES ( 471, 'Solo', null, null);
INSERT INTO Aplicacao_Fator_Producao (idOperacao, modo, area, unidades) VALUES ( 472, 'Foliar', null, null);
INSERT INTO Aplicacao_Fator_Producao (idOperacao, modo, area, unidades) VALUES ( 473, 'Foliar', null, null);
INSERT INTO Aplicacao_Fator_Producao (idOperacao, modo, area, unidades) VALUES ( 474, 'Foliar', null, null);
INSERT INTO Aplicacao_Fator_Producao (idOperacao, modo, area, unidades) VALUES ( 476, 'Foliar', null, null);
INSERT INTO Aplicacao_Fator_Producao (idOperacao, modo, area, unidades) VALUES ( 477, 'Foliar', null, null);
INSERT INTO Aplicacao_Fator_Producao (idOperacao, modo, area, unidades) VALUES ( 478, 'Foliar', null, null);
INSERT INTO Aplicacao_Fator_Producao (idOperacao, modo, area, unidades) VALUES ( 479, 'Solo', null, null);
INSERT INTO Aplicacao_Fator_Producao (idOperacao, modo, area, unidades) VALUES ( 480, 'Solo', null, null);
INSERT INTO Aplicacao_Fator_Producao (idOperacao, modo, area, unidades) VALUES ( 481, 'Solo', null, null);
INSERT INTO Aplicacao_Fator_Producao (idOperacao, modo, area, unidades) VALUES ( 482, 'Solo', null, null);
INSERT INTO Aplicacao_Fator_Producao (idOperacao, modo, area, unidades) VALUES ( 483, 'Solo', null, null);
INSERT INTO Aplicacao_Fator_Producao (idOperacao, modo, area, unidades) VALUES ( 484, 'Solo', null, null);
INSERT INTO Aplicacao_Fator_Producao (idOperacao, modo, area, unidades) VALUES ( 485, 'Solo', null, null);
INSERT INTO Aplicacao_Fator_Producao (idOperacao, modo, area, unidades) VALUES ( 486, 'Solo', null, null);
INSERT INTO Aplicacao_Fator_Producao (idOperacao, modo, area, unidades) VALUES ( 487, 'Solo', null, null);
INSERT INTO Aplicacao_Fator_Producao (idOperacao, modo, area, unidades) VALUES ( 488, 'Solo', null, null);
INSERT INTO Aplicacao_Fator_Producao (idOperacao, modo, area, unidades) VALUES ( 489, 'Solo', null, null);
INSERT INTO Aplicacao_Fator_Producao (idOperacao, modo, area, unidades) VALUES ( 490, 'Solo', null, null);
INSERT INTO Aplicacao_Fator_Producao (idOperacao, modo, area, unidades) VALUES ( 491, 'Solo', 1.1, 'ha');
INSERT INTO Aplicacao_Fator_Producao (idOperacao, modo, area, unidades) VALUES ( 492, 'Solo', null, null);


INSERT INTO Setor(idSetor , dataInicio , dataFim , caudalMaximo) VALUES (10 ,TO_DATE('01/05/2017' , 'dd/mm/yyyy'), null , 2500 );
INSERT INTO Setor(idSetor , dataInicio , dataFim , caudalMaximo) VALUES (11 ,TO_DATE('01/05/2017' , 'dd/mm/yyyy'), null , 1500 );
INSERT INTO Setor(idSetor , dataInicio , dataFim , caudalMaximo) VALUES (21 ,TO_DATE('01/05/2017' , 'dd/mm/yyyy'), null , 3500 );
INSERT INTO Setor(idSetor , dataInicio , dataFim , caudalMaximo) VALUES (22 ,TO_DATE('01/05/2019' , 'dd/mm/yyyy'), null , 3500 );
INSERT INTO Setor(idSetor , dataInicio , dataFim , caudalMaximo) VALUES (41 ,TO_DATE('01/04/2023' , 'dd/mm/yyyy'), null , 2500 );
INSERT INTO Setor(idSetor , dataInicio , dataFim , caudalMaximo) VALUES (42 ,TO_DATE('01/04/2023' , 'dd/mm/yyyy'), null , 3500 );





INSERT INTO Rega (idOperacao, idSetor, duracao, horas ) VALUES (302,21,120, 07.00);
INSERT INTO Rega (idOperacao, idSetor, duracao, horas ) VALUES (303,21,120, 07.00);
INSERT INTO Rega (idOperacao, idSetor, duracao, horas ) VALUES (304,21,120, 07.00);
INSERT INTO Rega (idOperacao, idSetor, duracao, horas ) VALUES (305,21,120, 07.00);
INSERT INTO Rega (idOperacao, idSetor, duracao, horas ) VALUES (306,21,120, 07.00);
INSERT INTO Rega (idOperacao, idSetor, duracao, horas ) VALUES (307,21,120, 07.00);
INSERT INTO Rega (idOperacao, idSetor, duracao, horas ) VALUES (308,21,120, 07.00);
INSERT INTO Rega (idOperacao, idSetor, duracao, horas ) VALUES (309,21,120, 07.00);
INSERT INTO Rega (idOperacao, idSetor, duracao, horas ) VALUES (310,21,120, 07.00);
INSERT INTO Rega (idOperacao, idSetor, duracao, horas ) VALUES (311,21,120, 07.00);
INSERT INTO Rega (idOperacao, idSetor, duracao, horas ) VALUES (312,21,120, 07.00);
INSERT INTO Rega (idOperacao, idSetor, duracao, horas ) VALUES (313,21,120, 07.00);
INSERT INTO Rega (idOperacao, idSetor, duracao, horas ) VALUES (314,21,120, 07.00);
INSERT INTO Rega (idOperacao, idSetor, duracao, horas ) VALUES (315,21,120, 07.00);
INSERT INTO Rega (idOperacao, idSetor, duracao, horas ) VALUES (316,21,120, 07.00);
INSERT INTO Rega (idOperacao, idSetor, duracao, horas ) VALUES (317,21,120, 07.00);
INSERT INTO Rega (idOperacao, idSetor, duracao, horas ) VALUES (318,21,180, 07.00);
INSERT INTO Rega (idOperacao, idSetor, duracao, horas ) VALUES (319,21,180, 07.00);
INSERT INTO Rega (idOperacao, idSetor, duracao, horas ) VALUES (320,21,180, 07.00);
INSERT INTO Rega (idOperacao, idSetor, duracao, horas ) VALUES (321,21,180, 07.00);
INSERT INTO Rega (idOperacao, idSetor, duracao, horas ) VALUES (322,21,180, 22.00);
INSERT INTO Rega (idOperacao, idSetor, duracao, horas ) VALUES (323,21,180, 22.00);
INSERT INTO Rega (idOperacao, idSetor, duracao, horas ) VALUES (324,21,180, 22.00);
INSERT INTO Rega (idOperacao, idSetor, duracao, horas ) VALUES (325,21,180, 22.00);
INSERT INTO Rega (idOperacao, idSetor, duracao, horas ) VALUES (326,21,180, 22.00);
INSERT INTO Rega (idOperacao, idSetor, duracao, horas ) VALUES (327,21,180, 22.00);
INSERT INTO Rega (idOperacao, idSetor, duracao, horas ) VALUES (328,21,180, 22.00);
INSERT INTO Rega (idOperacao, idSetor, duracao, horas ) VALUES (329,21,180, 22.00);
INSERT INTO Rega (idOperacao, idSetor, duracao, horas ) VALUES (330,21,180, 22.00);
INSERT INTO Rega (idOperacao, idSetor, duracao, horas ) VALUES (331,21,180, 22.00);
INSERT INTO Rega (idOperacao, idSetor, duracao, horas ) VALUES (332,21,180, 22.00);
INSERT INTO Rega (idOperacao, idSetor, duracao, horas ) VALUES (333,21,180, 22.00);
INSERT INTO Rega (idOperacao, idSetor, duracao, horas ) VALUES (334,21,150, 22.00);
INSERT INTO Rega (idOperacao, idSetor, duracao, horas ) VALUES (335,21,150, 22.00);
INSERT INTO Rega (idOperacao, idSetor, duracao, horas ) VALUES (336,21,150, 22.00);
INSERT INTO Rega (idOperacao, idSetor, duracao, horas ) VALUES (337,21,150, 22.00);
INSERT INTO Rega (idOperacao, idSetor, duracao, horas ) VALUES (338,21,150, 22.00);
INSERT INTO Rega (idOperacao, idSetor, duracao, horas ) VALUES (339,21,150, 22.00);
INSERT INTO Rega (idOperacao, idSetor, duracao, horas ) VALUES (340,21,150, 22.00);
INSERT INTO Rega (idOperacao, idSetor, duracao, horas ) VALUES (341,21,150, 22.00);
INSERT INTO Rega (idOperacao, idSetor, duracao, horas ) VALUES (342,21,150, 22.00);
INSERT INTO Rega (idOperacao, idSetor, duracao, horas ) VALUES (343,21,150, 22.00);
INSERT INTO Rega (idOperacao, idSetor, duracao, horas ) VALUES (344,21,150, 22.00);
INSERT INTO Rega (idOperacao, idSetor, duracao, horas ) VALUES (345,21,150, 22.00);
INSERT INTO Rega (idOperacao, idSetor, duracao, horas ) VALUES (346,21,120, 22.00);
INSERT INTO Rega (idOperacao, idSetor, duracao, horas ) VALUES (347,21,120, 22.00);
INSERT INTO Rega (idOperacao, idSetor, duracao, horas ) VALUES (348,21,120, 22.00);
INSERT INTO Rega (idOperacao, idSetor, duracao, horas ) VALUES (349,21,120, 22.00);
INSERT INTO Rega (idOperacao, idSetor, duracao, horas ) VALUES (350,21,120, 22.00);
INSERT INTO Rega (idOperacao, idSetor, duracao, horas ) VALUES (351,21,120, 22.00);
INSERT INTO Rega (idOperacao, idSetor, duracao, horas ) VALUES (352,21,120, 22.00);
INSERT INTO Rega (idOperacao, idSetor, duracao, horas ) VALUES (353,21,120, 22.00);
INSERT INTO Rega (idOperacao, idSetor, duracao, horas ) VALUES (354,21,120, 22.00);
INSERT INTO Rega (idOperacao, idSetor, duracao, horas ) VALUES (355,21,120, 22.00);
INSERT INTO Rega (idOperacao, idSetor, duracao, horas ) VALUES (356,21,120, 22.00);
INSERT INTO Rega (idOperacao, idSetor, duracao, horas ) VALUES (357,21,120, 22.00);
INSERT INTO Rega (idOperacao, idSetor, duracao, horas ) VALUES (358,21,120, 22.00);
INSERT INTO Rega (idOperacao, idSetor, duracao, horas ) VALUES (359,21,120, 22.00);
INSERT INTO Rega (idOperacao, idSetor, duracao, horas ) VALUES (360,21,120, 22.00);
INSERT INTO Rega (idOperacao, idSetor, duracao, horas ) VALUES (361,21,120, 22.00);
INSERT INTO Rega (idOperacao, idSetor, duracao, horas ) VALUES (362,22,120, 23.00);
INSERT INTO Rega (idOperacao, idSetor, duracao, horas ) VALUES (363,22,120, 23.00);
INSERT INTO Rega (idOperacao, idSetor, duracao, horas ) VALUES (364,22,120, 23.00);
INSERT INTO Rega (idOperacao, idSetor, duracao, horas ) VALUES (365,22,120, 23.00);
INSERT INTO Rega (idOperacao, idSetor, duracao, horas ) VALUES (366,22,120, 23.00);
INSERT INTO Rega (idOperacao, idSetor, duracao, horas ) VALUES (367,22,120, 23.00);
INSERT INTO Rega (idOperacao, idSetor, duracao, horas ) VALUES (368,22,120, 23.00);
INSERT INTO Rega (idOperacao, idSetor, duracao, horas ) VALUES (369,22,120, 23.00);
INSERT INTO Rega (idOperacao, idSetor, duracao, horas ) VALUES (370,22,120, 23.00);
INSERT INTO Rega (idOperacao, idSetor, duracao, horas ) VALUES (371,22,120, 23.00);
INSERT INTO Rega (idOperacao, idSetor, duracao, horas ) VALUES (372,22,120, 23.00);
INSERT INTO Rega (idOperacao, idSetor, duracao, horas ) VALUES (373,22,120, 23.00);
INSERT INTO Rega (idOperacao, idSetor, duracao, horas ) VALUES (374,22,180, 23.00);
INSERT INTO Rega (idOperacao, idSetor, duracao, horas ) VALUES (375,22,180, 23.00);
INSERT INTO Rega (idOperacao, idSetor, duracao, horas ) VALUES (376,22,180, 23.00);
INSERT INTO Rega (idOperacao, idSetor, duracao, horas ) VALUES (377,22,180, 23.00);
INSERT INTO Rega (idOperacao, idSetor, duracao, horas ) VALUES (378,22,180, 23.00);
INSERT INTO Rega (idOperacao, idSetor, duracao, horas ) VALUES (379,22,180, 23.00);
INSERT INTO Rega (idOperacao, idSetor, duracao, horas ) VALUES (380,22,180, 23.00);
INSERT INTO Rega (idOperacao, idSetor, duracao, horas ) VALUES (381,22,180, 23.00);
INSERT INTO Rega (idOperacao, idSetor, duracao, horas ) VALUES (382,22,180, 23.00);
INSERT INTO Rega (idOperacao, idSetor, duracao, horas ) VALUES (383,22,180, 23.00);
INSERT INTO Rega (idOperacao, idSetor, duracao, horas ) VALUES (384,22,180, 23.00);
INSERT INTO Rega (idOperacao, idSetor, duracao, horas ) VALUES (385,22,180, 23.00);
INSERT INTO Rega (idOperacao, idSetor, duracao, horas ) VALUES (386,22,150, 23.00);
INSERT INTO Rega (idOperacao, idSetor, duracao, horas ) VALUES (387,22,150, 23.00);
INSERT INTO Rega (idOperacao, idSetor, duracao, horas ) VALUES (388,22,150, 23.00);
INSERT INTO Rega (idOperacao, idSetor, duracao, horas ) VALUES (389,22,150, 23.00);
INSERT INTO Rega (idOperacao, idSetor, duracao, horas ) VALUES (390,22,150, 23.00);
INSERT INTO Rega (idOperacao, idSetor, duracao, horas ) VALUES (391,22,150, 23.00);
INSERT INTO Rega (idOperacao, idSetor, duracao, horas ) VALUES (392,22,150, 23.00);
INSERT INTO Rega (idOperacao, idSetor, duracao, horas ) VALUES (393,22,150, 23.00);
INSERT INTO Rega (idOperacao, idSetor, duracao, horas ) VALUES (394,22,150, 23.00);
INSERT INTO Rega (idOperacao, idSetor, duracao, horas ) VALUES (395,22,120, 23.00);
INSERT INTO Rega (idOperacao, idSetor, duracao, horas ) VALUES (396,22,120, 23.00);
INSERT INTO Rega (idOperacao, idSetor, duracao, horas ) VALUES (397,22,120, 23.00);
INSERT INTO Rega (idOperacao, idSetor, duracao, horas ) VALUES (398,22,120, 23.00);
INSERT INTO Rega (idOperacao, idSetor, duracao, horas ) VALUES (399,22,120, 23.00);
INSERT INTO Rega (idOperacao, idSetor, duracao, horas ) VALUES (400,22,120, 23.00);
INSERT INTO Rega (idOperacao, idSetor, duracao, horas ) VALUES (401,22,120, 23.00);
INSERT INTO Rega (idOperacao, idSetor, duracao, horas ) VALUES (402,22,120, 23.00);
INSERT INTO Rega (idOperacao, idSetor, duracao, horas ) VALUES (403,22,120, 23.00);
INSERT INTO Rega (idOperacao, idSetor, duracao, horas ) VALUES (404,22,120, 23.00);
INSERT INTO Rega (idOperacao, idSetor, duracao, horas ) VALUES (405,22,120, 23.00);
INSERT INTO Rega (idOperacao, idSetor, duracao, horas ) VALUES (406,22,120, 23.00);
INSERT INTO Rega (idOperacao, idSetor, duracao, horas ) VALUES (407,10,60, 06.00);
INSERT INTO Rega (idOperacao, idSetor, duracao, horas ) VALUES (408,10,60, 06.00);
INSERT INTO Rega (idOperacao, idSetor, duracao, horas ) VALUES (409,10,120, 06.00);
INSERT INTO Rega (idOperacao, idSetor, duracao, horas ) VALUES (410,10,120, 06.00);
INSERT INTO Rega (idOperacao, idSetor, duracao, horas ) VALUES (411,10,180, 05.00);
INSERT INTO Rega (idOperacao, idSetor, duracao, horas ) VALUES (412,10,180, 05.00);
INSERT INTO Rega (idOperacao, idSetor, duracao, horas ) VALUES (413,10,120, 06.00);
INSERT INTO Rega (idOperacao, idSetor, duracao, horas ) VALUES (414,10,120, 06.00);
INSERT INTO Rega (idOperacao, idSetor, duracao, horas ) VALUES (415,10,60, 06.00);
INSERT INTO Rega (idOperacao, idSetor, duracao, horas ) VALUES (416,10,60, 06.00);
INSERT INTO Rega (idOperacao, idSetor, duracao, horas ) VALUES (417,42,60, 06.00);
INSERT INTO Rega (idOperacao, idSetor, duracao, horas ) VALUES (418,42,60, 06.00);
INSERT INTO Rega (idOperacao, idSetor, duracao, horas ) VALUES (419,42,120, 04.00);
INSERT INTO Rega (idOperacao, idSetor, duracao, horas ) VALUES (420,42,120, 04.00);
INSERT INTO Rega (idOperacao, idSetor, duracao, horas ) VALUES (421,42,120, 04.00);
INSERT INTO Rega (idOperacao, idSetor, duracao, horas ) VALUES (422,42,150, 04.00);
INSERT INTO Rega (idOperacao, idSetor, duracao, horas ) VALUES (423,42,150, 04.00);
INSERT INTO Rega (idOperacao, idSetor, duracao, horas ) VALUES (424,42,120, 21.30);
INSERT INTO Rega (idOperacao, idSetor, duracao, horas ) VALUES (425,42,120, 21.30);
INSERT INTO Rega (idOperacao, idSetor, duracao, horas ) VALUES (426,42,120, 21.30);
INSERT INTO Rega (idOperacao, idSetor, duracao, horas ) VALUES (427,42,120, 21.30);
INSERT INTO Rega (idOperacao, idSetor, duracao, horas ) VALUES (428,42,120, 21.30);
INSERT INTO Rega (idOperacao, idSetor, duracao, horas ) VALUES (429,42,120, 21.30);
INSERT INTO Rega (idOperacao, idSetor, duracao, horas ) VALUES (430,41,120, 07.30);
INSERT INTO Rega (idOperacao, idSetor, duracao, horas ) VALUES (431,41,120, 07.30);
INSERT INTO Rega (idOperacao, idSetor, duracao, horas ) VALUES (432,41,120, 07.30);
INSERT INTO Rega (idOperacao, idSetor, duracao, horas ) VALUES (433,41,120, 07.30);
INSERT INTO Rega (idOperacao, idSetor, duracao, horas ) VALUES (434,41,120, 06.20);
INSERT INTO Rega (idOperacao, idSetor, duracao, horas ) VALUES (435,41,120, 06.20);
INSERT INTO Rega (idOperacao, idSetor, duracao, horas ) VALUES (436,41,120, 06.20);
INSERT INTO Rega (idOperacao, idSetor, duracao, horas ) VALUES (437,41,120, 06.20);
INSERT INTO Rega (idOperacao, idSetor, duracao, horas ) VALUES (438,41,120, 06.20);
INSERT INTO Rega (idOperacao, idSetor, duracao, horas ) VALUES (439,41,120, 06.20);
INSERT INTO Rega (idOperacao, idSetor, duracao, horas ) VALUES (440,41,120, 06.20);
INSERT INTO Rega (idOperacao, idSetor, duracao, horas ) VALUES (441,41,120, 06.20);
INSERT INTO Rega (idOperacao, idSetor, duracao, horas ) VALUES (442,41,120, 06.20);
INSERT INTO Rega (idOperacao, idSetor, duracao, horas ) VALUES (443,41,120, 06.20);
INSERT INTO Rega (idOperacao, idSetor, duracao, horas ) VALUES (444,41,120, 06.20);
INSERT INTO Rega (idOperacao, idSetor, duracao, horas ) VALUES (445,41,120, 06.20);
INSERT INTO Rega (idOperacao, idSetor, duracao, horas ) VALUES (446,41,120, 06.20);
INSERT INTO Rega (idOperacao, idSetor, duracao, horas ) VALUES (447,41,120, 06.20);
INSERT INTO Rega (idOperacao, idSetor, duracao, horas ) VALUES (448,41,120, 06.20);
INSERT INTO Rega (idOperacao, idSetor, duracao, horas ) VALUES (449,41,120, 06.20);
INSERT INTO Rega (idOperacao, idSetor, duracao, horas ) VALUES (450,41,120, 06.20);
INSERT INTO Rega (idOperacao, idSetor, duracao, horas ) VALUES (451,41,120, 06.20);
INSERT INTO Rega (idOperacao, idSetor, duracao, horas ) VALUES (452,41,120, 06.20);
INSERT INTO Rega (idOperacao, idSetor, duracao, horas ) VALUES (453,41,120, 06.20);
INSERT INTO Rega (idOperacao, idSetor, duracao, horas ) VALUES (454,41,120, 07.00);
INSERT INTO Rega (idOperacao, idSetor, duracao, horas ) VALUES (455,41,120, 07.00);
INSERT INTO Rega (idOperacao, idSetor, duracao, horas ) VALUES (456,41,120, 07.00);
INSERT INTO Rega (idOperacao, idSetor, duracao, horas ) VALUES (457,41,120, 07.00);
INSERT INTO Rega (idOperacao, idSetor, duracao, horas ) VALUES (522,10,30, 05.00);
INSERT INTO Rega (idOperacao, idSetor, duracao, horas ) VALUES (523,10,30, 05.00);
INSERT INTO Rega (idOperacao, idSetor, duracao, horas ) VALUES (524,10,30, 05.00);
INSERT INTO Rega (idOperacao, idSetor, duracao, horas ) VALUES (525,10,30, 05.00);
INSERT INTO Rega (idOperacao, idSetor, duracao, horas ) VALUES (526,10,60, 05.00);
INSERT INTO Rega (idOperacao, idSetor, duracao, horas ) VALUES (527,10,60, 05.00);
INSERT INTO Rega (idOperacao, idSetor, duracao, horas ) VALUES (528,10,30, 05.00);
INSERT INTO Rega (idOperacao, idSetor, duracao, horas ) VALUES (529,10,30, 05.00);




INSERT INTO Rega (idOperacao, idSetor, duracao, horas ) VALUES (496,10,60, 06.00);
INSERT INTO Rega (idOperacao, idSetor, duracao, horas ) VALUES (497,10,60, 06.00);
INSERT INTO Rega (idOperacao, idSetor, duracao, horas ) VALUES (498,10,120, 06.00);
INSERT INTO Rega (idOperacao, idSetor, duracao, horas ) VALUES (499,10,120, 06.00);
INSERT INTO Rega (idOperacao, idSetor, duracao, horas ) VALUES (500,10,180, 05.00);
INSERT INTO Rega (idOperacao, idSetor, duracao, horas ) VALUES (501,10,180, 05.00);
INSERT INTO Rega (idOperacao, idSetor, duracao, horas ) VALUES (502,22,120, 23.00);
INSERT INTO Rega (idOperacao, idSetor, duracao, horas ) VALUES (503,22,120, 23.00);
INSERT INTO Rega (idOperacao, idSetor, duracao, horas ) VALUES (504,22,180, 23.00);
INSERT INTO Rega (idOperacao, idSetor, duracao, horas ) VALUES (505,22,180, 23.00);



INSERT INTO Rega (idOperacao, idSetor, duracao, horas  ) VALUES (496,10,60, 06.00 );
INSERT INTO Rega (idOperacao, idSetor, duracao, horas  ) VALUES (497,10,60, 06.00);
INSERT INTO Rega (idOperacao, idSetor, duracao, horas  ) VALUES (498,10,120, 06.00 );
INSERT INTO Rega (idOperacao, idSetor, duracao, horas  ) VALUES (499,10,120, 06.00 );
INSERT INTO Rega (idOperacao, idSetor, duracao, horas  ) VALUES (500,10,180, 05.00 );
INSERT INTO Rega (idOperacao, idSetor, duracao, horas  ) VALUES (501,10,180, 05.00 );
INSERT INTO Rega (idOperacao, idSetor, duracao, horas  ) VALUES (502,22,120, 23.00 );
INSERT INTO Rega (idOperacao, idSetor, duracao, horas  ) VALUES (503,22,120, 23.00 );
INSERT INTO Rega (idOperacao, idSetor, duracao, horas  ) VALUES (504,22,120, 23.00 );
INSERT INTO Rega (idOperacao, idSetor, duracao, horas  ) VALUES (505,22,180, 23.00 );
INSERT INTO Rega (idOperacao, idSetor, duracao, horas  ) VALUES (506,22,180, 23.00 );
INSERT INTO Rega (idOperacao, idSetor, duracao, horas  ) VALUES (507,22,180, 23.00 );
INSERT INTO Rega (idOperacao, idSetor, duracao, horas  ) VALUES (508,22,150, 23.00 );
INSERT INTO Rega (idOperacao, idSetor, duracao, horas  ) VALUES (509,22,150, 23.00 );
INSERT INTO Rega (idOperacao, idSetor, duracao, horas  ) VALUES (510,22,150, 23.00 );
INSERT INTO Rega (idOperacao, idSetor, duracao, horas  ) VALUES (511,22,120, 23.00 );
INSERT INTO Rega (idOperacao, idSetor, duracao, horas  ) VALUES (512,22,120, 23.00 );
INSERT INTO Rega (idOperacao, idSetor, duracao, horas  ) VALUES (513,22,120, 23.00 );
INSERT INTO Rega (idOperacao, idSetor, duracao, horas  ) VALUES (514,42,120, 04.00 );
INSERT INTO Rega (idOperacao, idSetor, duracao, horas  ) VALUES (515,42,120, 04.00 );
INSERT INTO Rega (idOperacao, idSetor, duracao, horas  ) VALUES (516,42,150, 04.00 );
INSERT INTO Rega (idOperacao, idSetor, duracao, horas  ) VALUES (517,42,120, 21.30 );
INSERT INTO Rega (idOperacao, idSetor, duracao, horas  ) VALUES (518,41,120, 07.30 );
INSERT INTO Rega (idOperacao, idSetor, duracao, horas  ) VALUES (519,41,120, 07.30 );
INSERT INTO Rega (idOperacao, idSetor, duracao, horas  ) VALUES (520,41,120, 06.20 );
INSERT INTO Rega (idOperacao, idSetor, duracao, horas  ) VALUES (521,41,120, 06.20 );

INSERT INTO Receita (idReceita) VALUES (10);
INSERT INTO Receita (idReceita) VALUES (11);

INSERT INTO Fator_Producao_Receita (idReceita , designacao , quantidade , unidade ) VALUES (10,'EPSO Top',  1.5 , 'kg/ha');
INSERT INTO Fator_Producao_Receita (idReceita , designacao , quantidade , unidade ) VALUES (10,'soluSOP 52',  2.5 , 'kg/ha');
INSERT INTO Fator_Producao_Receita (idReceita , designacao , quantidade , unidade ) VALUES (10,'Floracal Flow SL', 1.7 , 'kg/ha');
INSERT INTO Fator_Producao_Receita (idReceita , designacao , quantidade , unidade ) VALUES (11,'Techiferti MOL', 60.0 , 'l/ha');
INSERT INTO Fator_Producao_Receita (idReceita , designacao , quantidade , unidade ) VALUES (11,'Kiplant AllGrip',  2.0 , 'l/ha');


INSERT INTO Fertirrega (idOperacao , idReceita) VALUES (496,10);
INSERT INTO Fertirrega (idOperacao , idReceita) VALUES (497,10);
INSERT INTO Fertirrega (idOperacao , idReceita) VALUES (498,10);
INSERT INTO Fertirrega (idOperacao , idReceita) VALUES (499,10);
INSERT INTO Fertirrega (idOperacao , idReceita) VALUES (500,10);
INSERT INTO Fertirrega (idOperacao , idReceita) VALUES (501,10);
INSERT INTO Fertirrega (idOperacao , idReceita) VALUES (502,10);
INSERT INTO Fertirrega (idOperacao , idReceita) VALUES (503,10);
INSERT INTO Fertirrega (idOperacao , idReceita) VALUES (504,10);
INSERT INTO Fertirrega (idOperacao , idReceita) VALUES (505,11);
INSERT INTO Fertirrega (idOperacao , idReceita) VALUES (506,11);
INSERT INTO Fertirrega (idOperacao , idReceita) VALUES (507,11);
INSERT INTO Fertirrega (idOperacao , idReceita) VALUES (508,10);
INSERT INTO Fertirrega (idOperacao , idReceita) VALUES (509,10);
INSERT INTO Fertirrega (idOperacao , idReceita) VALUES (510,10);
INSERT INTO Fertirrega (idOperacao , idReceita) VALUES (511,10);
INSERT INTO Fertirrega (idOperacao , idReceita) VALUES (512,10);
INSERT INTO Fertirrega (idOperacao , idReceita) VALUES (513,10);
INSERT INTO Fertirrega (idOperacao , idReceita) VALUES (514,11);
INSERT INTO Fertirrega (idOperacao , idReceita) VALUES (515,10);
INSERT INTO Fertirrega (idOperacao , idReceita) VALUES (516,11);
INSERT INTO Fertirrega (idOperacao , idReceita) VALUES (517,10);
INSERT INTO Fertirrega (idOperacao , idReceita) VALUES (518,11);
INSERT INTO Fertirrega (idOperacao , idReceita) VALUES (519,11);
INSERT INTO Fertirrega (idOperacao , idReceita) VALUES (520,10);
INSERT INTO Fertirrega (idOperacao , idReceita) VALUES (521,10);



INSERT INTO Plantacao (idOperacao, compasso, distanciaFilas) VALUES (1,6,7.5);
INSERT INTO Plantacao (idOperacao, compasso, distanciaFilas) VALUES (2,6,7.5);
INSERT INTO Plantacao (idOperacao, compasso, distanciaFilas) VALUES (3,5,5);
INSERT INTO Plantacao (idOperacao, compasso, distanciaFilas) VALUES (4,5,5);
INSERT INTO Plantacao (idOperacao, compasso, distanciaFilas) VALUES (5,5,5);
INSERT INTO Plantacao (idOperacao, compasso, distanciaFilas) VALUES (29,0,0);
INSERT INTO Plantacao (idOperacao, compasso, distanciaFilas) VALUES (30,0,0);
INSERT INTO Plantacao (idOperacao, compasso, distanciaFilas) VALUES (60,5,5);
INSERT INTO Plantacao (idOperacao, compasso, distanciaFilas) VALUES (268,5,5);
INSERT INTO Plantacao (idOperacao, compasso, distanciaFilas) VALUES (269,5,5);
INSERT INTO Plantacao (idOperacao, compasso, distanciaFilas) VALUES (270,5,5);
INSERT INTO Plantacao (idOperacao, compasso, distanciaFilas) VALUES (271,5,5);
INSERT INTO Plantacao (idOperacao, compasso, distanciaFilas) VALUES (272,5,5);
INSERT INTO Plantacao (idOperacao, compasso, distanciaFilas) VALUES (273,5,5);
INSERT INTO Plantacao (idOperacao, compasso, distanciaFilas) VALUES (283,6,7.5);

INSERT INTO Incorporacao_No_Solo (idOperacao) VALUES  (134);
INSERT INTO Incorporacao_No_Solo (idOperacao) VALUES  (135);
INSERT INTO Incorporacao_No_Solo (idOperacao) VALUES  (196);
INSERT INTO Incorporacao_No_Solo (idOperacao) VALUES  (197);
INSERT INTO Incorporacao_No_Solo (idOperacao) VALUES  (259);

INSERT INTO Aplicacao_Fitofarmaco (idOperacao)  VALUES (66);
INSERT INTO Aplicacao_Fitofarmaco (idOperacao)  VALUES (67);
INSERT INTO Aplicacao_Fitofarmaco (idOperacao)  VALUES (91);
INSERT INTO Aplicacao_Fitofarmaco (idOperacao)  VALUES (92);
INSERT INTO Aplicacao_Fitofarmaco (idOperacao)  VALUES (131);
INSERT INTO Aplicacao_Fitofarmaco (idOperacao)  VALUES (132);
INSERT INTO Aplicacao_Fitofarmaco (idOperacao)  VALUES (193);
INSERT INTO Aplicacao_Fitofarmaco (idOperacao)  VALUES (194);
INSERT INTO Aplicacao_Fitofarmaco (idOperacao)  VALUES (257);
INSERT INTO Aplicacao_Fitofarmaco (idOperacao)  VALUES (258);



INSERT INTO Fertilizacao (idOperacao, modo) VALUES ( 24, 'Solo');
INSERT INTO Fertilizacao (idOperacao, modo) VALUES ( 25, 'Solo');
INSERT INTO Fertilizacao (idOperacao, modo) VALUES ( 31, 'Solo');
INSERT INTO Fertilizacao (idOperacao, modo) VALUES ( 32, 'Solo');
INSERT INTO Fertilizacao (idOperacao, modo) VALUES ( 33, 'Solo');
INSERT INTO Fertilizacao  (idOperacao, modo) VALUES ( 68, 'Solo');
INSERT INTO Fertilizacao  (idOperacao, modo) VALUES ( 69, 'Solo');
INSERT INTO Fertilizacao  (idOperacao, modo) VALUES ( 70, 'Solo');
INSERT INTO Fertilizacao  (idOperacao, modo) VALUES ( 123, 'Solo');
INSERT INTO Fertilizacao  (idOperacao, modo) VALUES ( 124, 'Solo');
INSERT INTO Fertilizacao  (idOperacao, modo) VALUES ( 138, 'Foliar');
INSERT INTO Fertilizacao  (idOperacao, modo) VALUES ( 139, 'Foliar');
INSERT INTO Fertilizacao  (idOperacao, modo) VALUES ( 140, 'Solo');
INSERT INTO Fertilizacao  (idOperacao, modo) VALUES ( 141, 'Solo');
INSERT INTO Fertilizacao  (idOperacao, modo) VALUES ( 201, 'Solo');
INSERT INTO Fertilizacao  (idOperacao, modo) VALUES ( 202, 'Solo');
INSERT INTO Fertilizacao  (idOperacao, modo) VALUES ( 250, 'Solo');
INSERT INTO Fertilizacao  (idOperacao, modo) VALUES ( 251, 'Solo');


INSERT INTO Sementeira(idOperacao)VALUES (93);
INSERT INTO Sementeira(idOperacao)VALUES (95);
INSERT INTO Sementeira(idOperacao)VALUES (98);
INSERT INTO Sementeira(idOperacao)VALUES (115);
INSERT INTO Sementeira(idOperacao)VALUES (116);
INSERT INTO Sementeira(idOperacao)VALUES (117);
INSERT INTO Sementeira(idOperacao)VALUES (133);
INSERT INTO Sementeira(idOperacao)VALUES (136);
INSERT INTO Sementeira(idOperacao)VALUES (137);
INSERT INTO Sementeira(idOperacao)VALUES (144);
INSERT INTO Sementeira(idOperacao)VALUES (175);
INSERT INTO Sementeira(idOperacao)VALUES (177);
INSERT INTO Sementeira(idOperacao)VALUES (178);
INSERT INTO Sementeira(idOperacao)VALUES (195);
INSERT INTO Sementeira(idOperacao)VALUES (198);
INSERT INTO Sementeira(idOperacao)VALUES (199);
INSERT INTO Sementeira(idOperacao)VALUES (204);
INSERT INTO Sementeira(idOperacao)VALUES (239);
INSERT INTO Sementeira(idOperacao)VALUES (240);

INSERT INTO Monda (idOperacao) VALUES (289);
INSERT INTO Monda (idOperacao) VALUES (290);
INSERT INTO Monda (idOperacao) VALUES (292);
INSERT INTO Monda (idOperacao) VALUES (295);

INSERT INTO Poda (idOperacao) VALUES (22);
INSERT INTO Poda (idOperacao) VALUES (23);
INSERT INTO Poda (idOperacao) VALUES (26);
INSERT INTO Poda (idOperacao) VALUES (27);
INSERT INTO Poda (idOperacao) VALUES (28);
INSERT INTO Poda (idOperacao) VALUES (58);
INSERT INTO Poda (idOperacao) VALUES (59);
INSERT INTO Poda (idOperacao) VALUES (61);
INSERT INTO Poda (idOperacao) VALUES (62);
INSERT INTO Poda (idOperacao) VALUES (63);
INSERT INTO Poda (idOperacao) VALUES (64);
INSERT INTO Poda (idOperacao) VALUES (65);
INSERT INTO Poda (idOperacao) VALUES (87);
INSERT INTO Poda (idOperacao) VALUES (88);
INSERT INTO Poda (idOperacao) VALUES (89);
INSERT INTO Poda (idOperacao) VALUES (90);
INSERT INTO Poda (idOperacao) VALUES (118);
INSERT INTO Poda (idOperacao) VALUES (119);
INSERT INTO Poda (idOperacao) VALUES (121);
INSERT INTO Poda (idOperacao) VALUES (122);
INSERT INTO Poda (idOperacao) VALUES (125);
INSERT INTO Poda (idOperacao) VALUES (126);
INSERT INTO Poda (idOperacao) VALUES (127);
INSERT INTO Poda (idOperacao) VALUES (129);
INSERT INTO Poda (idOperacao) VALUES (184);
INSERT INTO Poda (idOperacao) VALUES (185);
INSERT INTO Poda (idOperacao) VALUES (186);
INSERT INTO Poda (idOperacao) VALUES (187);
INSERT INTO Poda (idOperacao) VALUES (188);
INSERT INTO Poda (idOperacao) VALUES (189);
INSERT INTO Poda (idOperacao) VALUES (191);
INSERT INTO Poda (idOperacao) VALUES (243);
INSERT INTO Poda (idOperacao) VALUES (244);
INSERT INTO Poda (idOperacao) VALUES (248);
INSERT INTO Poda (idOperacao) VALUES (249);
INSERT INTO Poda (idOperacao) VALUES (252);
INSERT INTO Poda (idOperacao) VALUES (254);
INSERT INTO Poda (idOperacao) VALUES (255);


INSERT INTO Colheita (idOperacao) VALUES (96);
INSERT INTO Colheita (idOperacao) VALUES (97);
INSERT INTO Colheita (idOperacao) VALUES (112);
INSERT INTO Colheita (idOperacao) VALUES (113);
INSERT INTO Colheita (idOperacao) VALUES (114);
INSERT INTO Colheita (idOperacao) VALUES (120);
INSERT INTO Colheita (idOperacao) VALUES (128);
INSERT INTO Colheita (idOperacao) VALUES (130);
INSERT INTO Colheita (idOperacao) VALUES (142);
INSERT INTO Colheita (idOperacao) VALUES (143);
INSERT INTO Colheita (idOperacao) VALUES (156);
INSERT INTO Colheita (idOperacao) VALUES (157);
INSERT INTO Colheita (idOperacao) VALUES (167);
INSERT INTO Colheita (idOperacao) VALUES (169);
INSERT INTO Colheita (idOperacao) VALUES (170);
INSERT INTO Colheita (idOperacao) VALUES (171);
INSERT INTO Colheita (idOperacao) VALUES (172);
INSERT INTO Colheita (idOperacao) VALUES (173);
INSERT INTO Colheita (idOperacao) VALUES (174);
INSERT INTO Colheita (idOperacao) VALUES (176);
INSERT INTO Colheita (idOperacao) VALUES (179);
INSERT INTO Colheita (idOperacao) VALUES (180);
INSERT INTO Colheita (idOperacao) VALUES (181);
INSERT INTO Colheita (idOperacao) VALUES (182);
INSERT INTO Colheita (idOperacao) VALUES (183);
INSERT INTO Colheita (idOperacao) VALUES (190);
INSERT INTO Colheita (idOperacao) VALUES (192);
INSERT INTO Colheita (idOperacao) VALUES (200);
INSERT INTO Colheita (idOperacao) VALUES (203);
INSERT INTO Colheita (idOperacao) VALUES (217);
INSERT INTO Colheita (idOperacao) VALUES (218);
INSERT INTO Colheita (idOperacao) VALUES (228);
INSERT INTO Colheita (idOperacao) VALUES (229);
INSERT INTO Colheita (idOperacao) VALUES (230);
INSERT INTO Colheita (idOperacao) VALUES (232);
INSERT INTO Colheita (idOperacao) VALUES (233);
INSERT INTO Colheita (idOperacao) VALUES (234);
INSERT INTO Colheita (idOperacao) VALUES (235);
INSERT INTO Colheita (idOperacao) VALUES (236);
INSERT INTO Colheita (idOperacao) VALUES (237);
INSERT INTO Colheita (idOperacao) VALUES (238);
INSERT INTO Colheita (idOperacao) VALUES (241);
INSERT INTO Colheita (idOperacao) VALUES (242);
INSERT INTO Colheita (idOperacao) VALUES (245);
INSERT INTO Colheita (idOperacao) VALUES (246);
INSERT INTO Colheita (idOperacao) VALUES (247);
INSERT INTO Colheita (idOperacao) VALUES (253);
INSERT INTO Colheita (idOperacao) VALUES (256);
INSERT INTO Colheita (idOperacao) VALUES (260);
INSERT INTO Colheita (idOperacao) VALUES (261);
INSERT INTO Colheita (idOperacao) VALUES (262);
INSERT INTO Colheita (idOperacao) VALUES (263);
INSERT INTO Colheita (idOperacao) VALUES (264);
INSERT INTO Colheita (idOperacao) VALUES (265);
INSERT INTO Colheita (idOperacao) VALUES (266);
INSERT INTO Colheita (idOperacao) VALUES (267);
INSERT INTO Colheita (idOperacao) VALUES (274);
INSERT INTO Colheita (idOperacao) VALUES (275);
INSERT INTO Colheita (idOperacao) VALUES (276);
INSERT INTO Colheita (idOperacao) VALUES (277);
INSERT INTO Colheita (idOperacao) VALUES (278);
INSERT INTO Colheita (idOperacao) VALUES (279);
INSERT INTO Colheita (idOperacao) VALUES (280);
INSERT INTO Colheita (idOperacao) VALUES (281);
INSERT INTO Colheita (idOperacao) VALUES (282);
INSERT INTO Colheita (idOperacao) VALUES (284);
INSERT INTO Colheita (idOperacao) VALUES (285);
INSERT INTO Colheita (idOperacao) VALUES (286);
INSERT INTO Colheita (idOperacao) VALUES (291);
INSERT INTO Colheita (idOperacao) VALUES (293);
INSERT INTO Colheita (idOperacao) VALUES (296);
INSERT INTO Colheita (idOperacao) VALUES (297);
INSERT INTO Colheita (idOperacao) VALUES (298);
INSERT INTO Colheita (idOperacao) VALUES (299);
INSERT INTO Colheita (idOperacao) VALUES (300);


INSERT INTO Plantas (especie , nomeComum , variedade , tipoPlantacao , tempoPoda , tempoFloracao , tempoColheita , tempoSementeira , idCultura) VALUES ( 'Lupinus luteus' ,'Tremoço','Amarelo' ,  'Temporária', null  , null, null ,null, 1  ) ;
INSERT INTO Plantas (especie , nomeComum , variedade , tipoPlantacao , tempoPoda , tempoFloracao , tempoColheita , tempoSementeira , idCultura) VALUES ( 'Zea mays' ,'Milho','Doce Golden Bantam' ,  'Temporária', null  , null, 'Julho a setembro' ,'Abril a junho', 2  ) ;
INSERT INTO Plantas (especie , nomeComum , variedade , tipoPlantacao , tempoPoda , tempoFloracao , tempoColheita , tempoSementeira , idCultura) VALUES ( 'Lupinus luteus' ,'Tremoço','Amarelo' ,  'Temporária', null  , null, null ,null, 3  ) ;
INSERT INTO Plantas (especie , nomeComum , variedade , tipoPlantacao , tempoPoda , tempoFloracao , tempoColheita , tempoSementeira , idCultura) VALUES ( 'Zea mays' ,'Milho','Doce Golden Bantam' ,  'Temporária', null  , null, 'Julho a setembro' ,'Abril a junho', 4  ) ;
INSERT INTO Plantas (especie , nomeComum , variedade , tipoPlantacao , tempoPoda , tempoFloracao , tempoColheita , tempoSementeira , idCultura) VALUES ( 'Zea mays' ,'Milho','MAS 24.C' ,  'Temporária', null  , null, 'Julho a setembro' ,'Abril a junho', 5  ) ;
INSERT INTO Plantas (especie , nomeComum , variedade , tipoPlantacao , tempoPoda , tempoFloracao , tempoColheita , tempoSementeira , idCultura) VALUES ( 'Lupinus luteus' ,'Tremoço','Amarelo' ,  'Temporária', null  , null, null ,null, 6  ) ;
INSERT INTO Plantas (especie , nomeComum , variedade , tipoPlantacao , tempoPoda , tempoFloracao , tempoColheita , tempoSementeira , idCultura) VALUES ( 'Zea mays' ,'Milho','MAS 24.C' ,  'Temporária', null  , null, 'Julho a setembro' ,'Abril a junho', 7  ) ;
INSERT INTO Plantas (especie , nomeComum , variedade , tipoPlantacao , tempoPoda , tempoFloracao , tempoColheita , tempoSementeira , idCultura) VALUES ( 'Lupinus luteus' ,'Tremoço','Amarelo' ,  'Temporária', null  , null, null ,null, 8  ) ;
INSERT INTO Plantas (especie , nomeComum , variedade , tipoPlantacao , tempoPoda , tempoFloracao , tempoColheita , tempoSementeira , idCultura) VALUES ( 'Zea mays' ,'Milho','MAS 24.C' ,  'Temporária', null  , null, 'Julho a setembro' ,'Abril a junho', 9  ) ;
INSERT INTO Plantas (especie , nomeComum , variedade , tipoPlantacao , tempoPoda , tempoFloracao , tempoColheita , tempoSementeira , idCultura) VALUES ( 'Lupinus luteus' ,'Tremoço','Amarelo' ,  'Temporária', null  , null, null ,null, 10  ) ;
INSERT INTO Plantas (especie , nomeComum , variedade , tipoPlantacao , tempoPoda , tempoFloracao , tempoColheita , tempoSementeira , idCultura) VALUES ( 'Olea europaea' ,'Oliveira','Galega' ,  'Permanente', null  , null, 'Outubro a novembro' ,null, 11  ) ;
INSERT INTO Plantas (especie , nomeComum , variedade , tipoPlantacao , tempoPoda , tempoFloracao , tempoColheita , tempoSementeira , idCultura) VALUES ( 'Olea europaea' ,'Oliveira','PICUAL' ,  'Permanente', null  , null, 'Outubro a novembro' ,null , 12 ) ;
INSERT INTO Plantas (especie , nomeComum , variedade , tipoPlantacao , tempoPoda , tempoFloracao , tempoColheita , tempoSementeira , idCultura) VALUES ( 'Daucus carota subsp. Sativus' ,'Cenoura','Scarlet Nantes' ,  'Temporária', null  , null, '80 dias' ,null, 13  ) ;
INSERT INTO Plantas (especie , nomeComum , variedade , tipoPlantacao , tempoPoda , tempoFloracao , tempoColheita , tempoSementeira , idCultura) VALUES ( 'Daucus carota subsp. Sativus' ,'Cenoura','Nelson Hybrid' ,  'Temporária', null  , null, '80 dias' ,null , 14 ) ;
INSERT INTO Plantas (especie , nomeComum , variedade , tipoPlantacao , tempoPoda , tempoFloracao , tempoColheita , tempoSementeira , idCultura) VALUES ( 'Brassica rapa' ,'Nabo','S. Cosme' ,  'Temporária', null  , null, '90 dias' ,'Fevereiro a abril, agosto a outubro' ,15 ) ;
INSERT INTO Plantas (especie , nomeComum , variedade , tipoPlantacao , tempoPoda , tempoFloracao , tempoColheita , tempoSementeira , idCultura) VALUES ( 'Daucus carota subsp. Sativus' ,'Cenoura','Sugarsnax Hybrid' ,  'Temporária', null  , null, '80 dias' ,null, 16  ) ;
INSERT INTO Plantas (especie , nomeComum , variedade , tipoPlantacao , tempoPoda , tempoFloracao , tempoColheita , tempoSementeira , idCultura) VALUES ( 'Daucus carota subsp. Sativus' ,'Cenoura','Danvers Half Long' ,  'Temporária', null  , null, '80 dias' ,null , 17 ) ;
INSERT INTO Plantas (especie , nomeComum , variedade , tipoPlantacao , tempoPoda , tempoFloracao , tempoColheita , tempoSementeira , idCultura) VALUES ( 'Brassica rapa' ,'Nabo','S. Cosme' ,  'Temporária', null  , null, '90 dias' ,'Fevereiro a abril, agosto a outubro' ,18 ) ;
INSERT INTO Plantas (especie , nomeComum , variedade , tipoPlantacao , tempoPoda , tempoFloracao , tempoColheita , tempoSementeira , idCultura) VALUES ( 'Daucus carota subsp. Sativus' ,'Cenoura','Sugarsnax Hybrid' ,  'Temporária', null  , null, '80 dias' ,null, 19  ) ;
INSERT INTO Plantas (especie , nomeComum , variedade , tipoPlantacao , tempoPoda , tempoFloracao , tempoColheita , tempoSementeira , idCultura) VALUES ( 'Daucus carota subsp. Sativus' ,'Cenoura','Nelson Hybrid' ,  'Temporária', null  , null, '80 dias' ,null , 20 ) ;
INSERT INTO Plantas (especie , nomeComum , variedade , tipoPlantacao , tempoPoda , tempoFloracao , tempoColheita , tempoSementeira , idCultura) VALUES ( 'Brassica rapa' ,'Nabo greleiro','Senhora Conceição' ,  'Temporária', null  , null, 'Julho a fevereiro','Março a setembro', 21  ) ;
INSERT INTO Plantas (especie , nomeComum , variedade , tipoPlantacao , tempoPoda , tempoFloracao , tempoColheita , tempoSementeira , idCultura) VALUES ( 'Malus domestica' ,'Macieira','JONAGORED' ,  'Permanente', 'Novembro a dezembro'  , 'Março a abril', 'Agosto a setembro' ,null , 22 ) ;
INSERT INTO Plantas (especie , nomeComum , variedade , tipoPlantacao , tempoPoda , tempoFloracao , tempoColheita , tempoSementeira , idCultura) VALUES ( 'Malus domestica' ,'Macieira','FUJI' ,  'Permanente', 'Novembro a dezembro'  , 'Março a abril', 'Agosto a setembro' ,null, 23  ) ;
INSERT INTO Plantas (especie , nomeComum , variedade , tipoPlantacao , tempoPoda , tempoFloracao , tempoColheita , tempoSementeira , idCultura) VALUES ( 'Malus domestica' ,'Macieira','ROYAL GALA' ,  'Permanente', 'Novembro a dezembro'  , 'Março a abril', 'Agosto a setembro' ,null , 24 ) ;
INSERT INTO Plantas (especie , nomeComum , variedade , tipoPlantacao , tempoPoda , tempoFloracao , tempoColheita , tempoSementeira , idCultura) VALUES ( 'Malus domestica' ,'Macieira','ROYAL GALA' ,  'Permanente', 'Novembro a dezembro'  , 'Março a abril', 'Agosto a setembro' ,null , 25 ) ;
INSERT INTO Plantas (especie , nomeComum , variedade , tipoPlantacao , tempoPoda , tempoFloracao , tempoColheita , tempoSementeira , idCultura) VALUES ( 'Vitis vinifera' ,'Videira','Dona Maria' ,  'Permanente', 'Dezembro a janeiro'  , 'Maio', 'Junho a agosto' ,null , 26 ) ;
INSERT INTO Plantas (especie , nomeComum , variedade , tipoPlantacao , tempoPoda , tempoFloracao , tempoColheita , tempoSementeira , idCultura) VALUES ( 'Vitis vinifera' ,'Videira','Cardinal' ,  'Permanente', 'Dezembro a janeiro'  , 'Maio', 'Junho a agosto' ,null , 27 ) ;
INSERT INTO Plantas (especie , nomeComum , variedade , tipoPlantacao , tempoPoda , tempoFloracao , tempoColheita , tempoSementeira , idCultura) VALUES ( 'Malus domestica', 'Macieira', 'PIPO DE BASTO',  'Permanente', 'Novembro a dezembro', 'Março a abril', 'Agosto a setembro', null, 28);
INSERT INTO Plantas (especie , nomeComum , variedade , tipoPlantacao , tempoPoda , tempoFloracao , tempoColheita , tempoSementeira , idCultura) VALUES ('Malus domestica', 'Macieira', 'PORTA DA LOJA',  'Permanente', 'Janeiro', 'Abril a maio', 'Novembro a dezembro', null, 29);
INSERT INTO Plantas (especie , nomeComum , variedade , tipoPlantacao , tempoPoda , tempoFloracao , tempoColheita , tempoSementeira , idCultura) VALUES ('Malus domestica', 'Macieira', 'MALÁPIO',  'Permanente', 'Novembro a dezembro', 'Março a abril', 'Agosto a setembro', null, 30);
INSERT INTO Plantas (especie , nomeComum , variedade , tipoPlantacao , tempoPoda , tempoFloracao , tempoColheita , tempoSementeira , idCultura) VALUES ('Malus domestica', 'Macieira', 'GRONHO DOCE',  'Permanente', 'Novembro a dezembro', 'Março a abril', 'Agosto a setembro', null, 31);
INSERT INTO Plantas (especie , nomeComum , variedade , tipoPlantacao , tempoPoda , tempoFloracao , tempoColheita , tempoSementeira , idCultura) values ('Olea europaea', 'Oliveira', 'ARBEQUINA',  'Permanente', null, null, 'Outubro a novembro', null, 32);
INSERT INTO Plantas (especie , nomeComum , variedade , tipoPlantacao , tempoPoda , tempoFloracao , tempoColheita , tempoSementeira , idCultura) VALUES ( 'Daucus carota subsp. Sativus' ,'Cenoura','Sugarsnax Hybrid' ,  'Temporária', null  , null, '80 dias' ,null, 33  ) ;
INSERT INTO Plantas (especie , nomeComum , variedade , tipoPlantacao , tempoPoda , tempoFloracao , tempoColheita , tempoSementeira , idCultura) values ('Cucurbita moschata', 'Abóbora', 'Manteiga',  'Permanente', null, null, 'Agosto a outubro', 'Março a maio', 34);
INSERT INTO Plantas (especie , nomeComum , variedade , tipoPlantacao , tempoPoda , tempoFloracao , tempoColheita , tempoSementeira , idCultura) VALUES ( 'Daucus carota subsp. Sativus' ,'Cenoura','Danvers Half Long' ,  'Temporária', null  , null, '80 dias' ,null , 35 ) ;
INSERT INTO Plantas (especie , nomeComum , variedade , tipoPlantacao , tempoPoda , tempoFloracao , tempoColheita , tempoSementeira , idCultura) VALUES ( 'Lupinus luteus' ,'Tremoço','Amarelo' ,  'Temporária', null  , null, null ,null, 36  ) ;
INSERT INTO Plantas (especie , nomeComum , variedade , tipoPlantacao , tempoPoda , tempoFloracao , tempoColheita , tempoSementeira , idCultura) VALUES ('Malus domestica', 'Macieira', 'CANADA',  'Permanente', 'Novembro a dezembro', 'Março a abril', 'Agosto a setembro', null, 38);
INSERT INTO Plantas (especie , nomeComum , variedade , tipoPlantacao , tempoPoda , tempoFloracao , tempoColheita , tempoSementeira , idCultura) VALUES ('Malus domestica', 'Macieira', 'GRAND RAY',  'Permanente', 'Novembro a dezembro', 'Março a abril', 'Agosto a setembro', null, 39);


